Time (h), Air temperature (degC)
1,9
2,8.8
3,9
4,9.2
5,8.8
6,8.8
7,9.1
8,9.4
9,1
10,10.4
11,11
12,11
13,11
14,11
15,10.5
16,10.3
17,10.1
18,9.8
19,10.1
20,9.8
21,9.2
22,9.3
23,9.5
24,9.2
25,8.4
26,8.3
27,8.2
28,7.9
29,7.8
30,7.6
31,7.5
32,7.4
33,6.9
34,8.4
35,9.4
36,10.3
37,9.8
38,9.9
39,9.8
40,9.1
41,9.2
42,8.7
43,8.1
44,7.7
45,7.7
46,8.1
47,8.5
48,7.5
49,7.1
50,7.9
51,8.8
52,8.6
53,7.9
54,7.9
55,7.6
56,6.8
57,7
58,7.2
59,7.7
60,8
61,8
62,8
63,7.9
64,7.6
65,7.4
66,6.8
67,6.2
68,5.9
69,5.6
70,5.5
71,5.5
72,5.4
73,5.3
74,5.2
75,4.9
76,3.9
77,3.5
78,3.5
79,3.6
80,4
81,4.1
82,4.9
83,5.6
84,5.7
85,5.9
86,6.4
87,6.5
88,6.2
89,5.9
90,5.6
91,5.6
92,5.6
93,5.5
94,5.4
95,5.2
96,5.5
97,6.6
98,7.6
99,8.4
100,8.8
101,7.8
102,8.3
103,8.1
104,9.1
105,9.9
106,10.8
107,11.3
108,11.2
109,11.4
110,12.1
111,12
112,11
113,10.5
114,10.3
115,9.8
116,9.7
117,9.7
118,1
119,10.9
120,10.2
121,10.3
122,10.2
123,10.2
124,9.8
125,9.5
126,9.2
127,9.3
128,9.5
129,9.9
130,10.1
131,10.3
132,10.4
133,10.2
134,10.2
135,1
136,9.8
137,9.6
138,9.5
139,9.2
140,9
141,8.8
142,8.8
143,8.5
144,8.3
145,7.9
146,7.9
147,7.8
148,7.6
149,7.1
150,7
151,6.9
152,6.9
153,7
154,7.3
155,7.7
156,8.2
157,8.1
158,8.1
159,8.1
160,8.1
161,7.9
162,7.1
163,7.1
164,6.7
165,6
166,5.6
167,5.6
168,4.9
169,4.6
170,3.9
171,3.7
172,3.6
173,3.6
174,4.7
175,6.4
176,8
177,8.8
178,8.9
179,9.1
180,9.5
181,9.6
182,9.1
183,9.9
184,10.2
185,9.6
186,9.2
187,9.3
188,9.8
189,9.8
190,10.1
191,10.2
192,10.2
193,10.2
194,10.3
195,10.2
196,10.2
197,10.4
198,10.2
199,10.4
200,10.4
201,10.7
202,10.8
203,10.9
204,11.3
205,11.2
206,11.2
207,11.4
208,11.4
209,11.4
210,11.2
211,11.4
212,11
213,11.6
214,11.2
215,11.4
216,11.7
217,11.5
218,11.2
219,11
220,10.8
221,10.8
222,10.7
223,10.6
224,10.6
225,11
226,11.3
227,11.8
228,11.5
229,12.1
230,12.3
231,12
232,11.6
233,11.4
234,11.2
235,10.3
236,10.4
237,9.8
238,9.4
239,9.7
240,9.2
241,9.2
242,9.4
243,9.3
244,9.2
245,8.6
246,8.6
247,9.4
248,10.2
249,10.7
250,9.9
251,9
252,8.9
253,8.9
254,9.5
255,9.6
256,9.8
257,9.9
258,9.9
259,10.2
260,10.8
261,10.8
262,10.9
263,10.9
264,10.8
265,10.6
266,10.7
267,10.2
268,1
269,10.1
270,10.1
271,10.3
272,10.4
273,10.3
274,10.3
275,10.5
276,10.4
277,10.4
278,10.7
279,11.5
280,9.9
281,1
282,9.8
283,9.4
284,10.6
285,10.9
286,11.5
287,11.6
288,11.5
289,11.4
290,11.1
291,11.2
292,11.7
293,11.2
294,11.1
295,10.9
296,11.1
297,11.1
298,11.7
299,11.9
300,11.6
301,11.7
302,11.6
303,11.6
304,12
305,11.5
306,11.5
307,11.5
308,11
309,11.1
310,11.4
311,11.6
312,11.6
313,11
314,11.1
315,11.1
316,11.3
317,11.1
318,11.3
319,11.5
320,11.6
321,11.7
322,11.9
323,12.1
324,12.3
325,12.2
326,12.3
327,12.3
328,12
329,11.5
330,12
331,12.7
332,12.2
333,12.6
334,12.7
335,12.1
336,12.2
337,12.1
338,11.9
339,11.9
340,11.8
341,11.6
342,11.4
343,11.3
344,11.7
345,11.7
346,12
347,12.2
348,12.3
349,12.2
350,12.1
351,12.1
352,11.9
353,11.9
354,11.2
355,11.4
356,11.8
357,11.9
358,11.8
359,11.9
360,11.7
361,11.4
362,12.1
363,11.8
364,11.5
365,11.4
366,11.3
367,11.4
368,11.2
369,11.4
370,11.4
371,11.6
372,11.6
373,11.6
374,11.5
375,11.4
376,11.4
377,11.2
378,11.2
379,10.9
380,10.9
381,10.8
382,10.6
383,10.5
384,10.8
385,10.9
386,10.9
387,10.8
388,10.8
389,10.5
390,10.3
391,10.2
392,10.3
393,10.5
394,10.5
395,9.9
396,9.8
397,9.8
398,9.9
399,10.5
400,9.1
401,10.2
402,11.5
403,11.5
404,11.7
405,11.5
406,11.2
407,10.8
408,10.6
409,10.7
410,10.9
411,11
412,11.1
413,11.2
414,11.2
415,11.1
416,11.3
417,11.5
418,11.5
419,11.5
420,11.4
421,11
422,11
423,10.9
424,10.9
425,10.7
426,10.5
427,10.6
428,9.8
429,8.9
430,8.3
431,7.8
432,7.7
433,7.8
434,7.7
435,7.4
436,7.4
437,7.1
438,7.3
439,7.6
440,7.5
441,8.2
442,8.9
443,9.6
444,10.2
445,10.7
446,10.9
447,10.8
448,10.3
449,9.7
450,9
451,8.4
452,8
453,7.6
454,7.3
455,7.1
456,6.7
457,6.7
458,6.5
459,6.7
460,6.5
461,6.4
462,6.3
463,6.5
464,6.7
465,6.9
466,7.6
467,8.2
468,8.7
469,8.7
470,8.9
471,9
472,9.1
473,9
474,9
475,8.8
476,8.7
477,8.2
478,8.4
479,8.3
480,8.3
481,8.1
482,8.2
483,8.8
484,8.3
485,8.3
486,8.4
487,9.3
488,1
489,1
490,10.1
491,10.1
492,1
493,10.3
494,10.7
495,10.6
496,10.8
497,10.8
498,10.7
499,10.7
500,10.9
501,10.3
502,10.1
503,10.7
504,10.8
505,11
506,11.1
507,11.5
508,11.4
509,11.5
510,11.4
511,11.1
512,11.1
513,9.4
514,9.1
515,9.2
516,9.8
517,1
518,9.9
519,9.5
520,9.4
521,9
522,8.4
523,7.6
524,7.3
525,7.2
526,7.8
527,8.1
528,8.5
529,8.5
530,8.5
531,8.4
532,8.4
533,9.1
534,8.9
535,8.3
536,8.1
537,8.6
538,8.5
539,8.4
540,7.8
541,8.1
542,7.5
543,7.4
544,7
545,7
546,7.1
547,7.2
548,7.4
549,7.7
550,6.5
551,6.3
552,6
553,5.9
554,6
555,5.9
556,5.6
557,5.6
558,5.5
559,5.5
560,5.4
561,6.1
562,6.6
563,7.1
564,6.8
565,6.4
566,6.2
567,6
568,5.7
569,5.4
570,4.7
571,4.3
572,3.8
573,3.2
574,3
575,2.8
576,2.6
577,2.9
578,2.8
579,3.1
580,3.9
581,4.4
582,4.5
583,4.7
584,5.3
585,5.9
586,5.9
587,6.1
588,6.2
589,6.3
590,6.3
591,6.1
592,6
593,5.9
594,5.8
595,5.7
596,5.3
597,4.9
598,4.7
599,4.7
600,4.3
601,4
602,3.8
603,3.8
604,3.9
605,3.8
606,3.6
607,3.4
608,3.3
609,3.6
610,3.6
611,3.9
612,3.8
613,3.5
614,3.4
615,3.5
616,3.5
617,3.7
618,3.4
619,3.2
620,3
621,2.6
622,2.3
623,2.2
624,2.5
625,3.1
626,4.2
627,4.3
628,4.4
629,4.4
630,4
631,3.9
632,4.1
633,3.8
634,3.3
635,3.2
636,3.7
637,3.5
638,3.4
639,3.3
640,3.3
641,3.1
642,2.8
643,2.5
644,2.5
645,2.7
646,2.5
647,2.3
648,2.1
649,2
650,1.8
651,1.9
652,2
653,2.2
654,1.5
655,1.2
656,1.3
657,1.8
658,2.3
659,2.6
660,2.9
661,2.8
662,2.3
663,2
664,1.7
665,1.2
666,0.7
667,0.7
668,0.6
669,0.3
670
671,-0.2
672,-0.5
673,-0.4
674,-0.5
675,-0.5
676,-0.7
677,-0.2
678
679,0.2
680,0.7
681,-0.2
682,0.6
683,2.8
684,3.1
685,4.3
686,4.2
687,4.6
688,4.6
689,4.5
690,4.7
691,3.9
692,3.9
693,4
694,3.9
695,3.7
696,3.4
697,3.7
698,3.6
699,3.6
700,3.7
701,3.9
702,3.8
703,3.7
704,3.8
705,3.4
706,3.5
707,3.6
708,3.5
709,3.9
710,4
711,4.1
712,4.1
713,4.5
714,4.6
715,4.7
716,4.9
717,5.2
718,5.6
719,6
720,6.4
721,6.6
722,6.2
723,5.7
724,6
725,6.3
726,6.5
727,6.9
728,7.2
729,7.3
730,7.6
731,7.9
732,8.4
733,8.5
734,8.9
735,9.3
736,9.7
737,9.8
738,10.2
739,1
740,9.6
741,9.4
742,9.4
743,9.5
744,9.6
745,9.6
746,9.5
747,9.3
748,9.1
749,9.1
750,9
751,9
752,9
753,8.7
754,8.6
755,8.9
756,9.3
757,9
758,8.8
759,8.6
760,8.5
761,8.3
762,8.3
763,8.2
764,8.5
765,8.2
766,7.2
767,7.3
768,7.7
769,8.1
770,8.3
771,8.9
772,9
773,9.2
774,8.8
775,8.9
776,9.1
777,9.1
778,9.1
779,9.2
780,9.2
781,9.2
782,9.3
783,9.4
784,9.4
785,9.5
786,9.8
787,1
788,10.3
789,9.7
790,9.4
791,9.4
792,9.4
793,9.3
794,9.1
795,9.2
796,9.3
797,9.4
798,9.4
799,9.5
800,9.6
801,9.5
802,9.5
803,9.4
804,9
805,8.9
806,8.8
807,8.8
808,8.9
809,8.1
810,7.4
811,7
812,6.2
813,5.8
814,5.4
815,5.4
816,5.2
817,5.2
818,5
819,5.2
820,5.8
821,6.6
822,7.5
823,7.9
824,7.7
825,8.6
826,9.1
827,9.1
828,9.1
829,9.1
830,9
831,8.9
832,8.9
833,8.9
834,8.8
835,8.7
836,8.5
837,8.5
838,8.4
839,8.3
840,8.2
841,7.4
842,7.7
843,7.7
844,7.6
845,7.5
846,7.5
847,7.4
848,7.1
849,7.1
850,6.7
851,6.2
852,5.9
853,5.8
854,6
855,6
856,5.6
857,5.7
858,5.8
859,6.1
860,6.2
861,6.2
862,6.2
863,6.3
864,6.3
865,6.4
866,6.4
867,6.2
868,6.3
869,6.1
870,5.6
871,5.2
872,5.1
873,5.8
874,5.9
875,6.2
876,6.4
877,6.5
878,6.9
879,7.3
880,7.7
881,7.9
882,7.8
883,7.7
884,7.4
885,7.7
886,8.1
887,8.4
888,8.8
889,8.9
890,9
891,8.9
892,8.8
893,8.9
894,8.9
895,8.8
896,8.8
897,8.8
898,8.7
899,8.6
900,8.5
901,8.4
902,8.4
903,8.4
904,8.3
905,8.3
906,8.3
907,8.3
908,8.2
909,7.9
910,7.9
911,7.8
912,7.6
913,7.5
914,7.2
915,7.1
916,7
917,6.8
918,6.6
919,6.3
920,6.3
921,6
922,6.1
923,6
924,6.1
925,6.2
926,6
927,6
928,6
929,5.9
930,6.1
931,5.9
932,6
933,6
934,5.7
935,5.6
936,5.8
937,5.8
938,5.5
939,5.5
940,5.3
941,5.2
942,5.2
943,5.2
944,5.5
945,5.5
946,5.7
947,5.9
948,5.8
949,5.7
950,5.9
951,5.7
952,5.9
953,5.7
954,5.6
955,5.8
956,5.8
957,5.7
958,5.9
959,5.6
960,5.6
961,5.4
962,5.7
963,5.7
964,5.9
965,6.1
966,6.2
967,6
968,6.1
969,6.3
970,6.4
971,6.3
972,6.1
973,5.9
974,6.3
975,6.4
976,6.2
977,5.8
978,5.8
979,5.8
980,5.8
981,5.9
982,5.8
983,6
984,5.7
985,5.9
986,5.8
987,6
988,6.3
989,6.3
990,6.3
991,6.2
992,5.9
993,5.7
994,5.5
995,5.6
996,5.5
997,5.5
998,5.5
999,5.4
1000,5.3
1001,5.3
1002,5.6
1003,5.5
1004,5.5
1005,5.5
1006,5.4
1007,5.6
1008,5.3
1009,5.9
1010,6.1
1011,5.7
1012,5.4
1013,5.6
1014,5.6
1015,5.9
1016,5.8
1017,5.8
1018,5.6
1019,5.7
1020,5.4
1021,5.3
1022,5.4
1023,5.6
1024,5.6
1025,5.9
1026,5.9
1027,6
1028,6.2
1029,6.1
1030,6.4
1031,6.4
1032,6.7
1033,6.6
1034,6.2
1035,6.2
1036,5.9
1037,5.7
1038,5.9
1039,6.3
1040,6.7
1041,7
1042,7.4
1043,7.9
1044,8.4
1045,7.8
1046,7
1047,6.5
1048,6.3
1049,6.6
1050,6.8
1051,7.3
1052,7.7
1053,7.4
1054,7.3
1055,7.1
1056,7.2
1057,7.1
1058,7
1059,7.2
1060,7.5
1061,7.6
1062,7.3
1063,7.1
1064,6.9
1065,6.4
1066,6.6
1067,7
1068,7.3
1069,7.6
1070,7.8
1071,8
1072,7.8
1073,7.6
1074,7.2
1075,6.7
1076,6.1
1077,5.8
1078,5.4
1079,5.7
1080,6.1
1081,6.3
1082,6.9
1083,6.4
1084,6.3
1085,7
1086,7.6
1087,8.3
1088,8.2
1089,8.6
1090,8.6
1091,8.5
1092,8.5
1093,8.6
1094,8.5
1095,8.7
1096,8.6
1097,8.5
1098,8.7
1099,8.6
1100,8.6
1101,8.6
1102,8.7
1103,8.6
1104,8.3
1105,8.2
1106,8
1107,8
1108,8.2
1109,8.4
1110,8.4
1111,8.6
1112,8.7
1113,8.9
1114,8.9
1115,8.9
1116,8.9
1117,9
1118,8.8
1119,8.8
1120,8.8
1121,8.8
1122,8.8
1123,8.8
1124,8.9
1125,8.8
1126,8.7
1127,8.7
1128,8.7
1129,8.7
1130,8.6
1131,8.6
1132,8.5
1133,8.1
1134,7.8
1135,7.4
1136,7.4
1137,7.2
1138,7.3
1139,7.4
1140,7.6
1141,7.7
1142,7.5
1143,7.1
1144,6.9
1145,6.6
1146,6.1
1147,6
1148,5.5
1149,5.5
1150,5.4
1151,5.5
1152,5.4
1153,5.3
1154,5.5
1155,5.8
1156,6.1
1157,6.4
1158,6.7
1159,6.6
1160,6.3
1161,6.2
1162,6.1
1163,6.2
1164,5.7
1165,5.4
1166,4.5
1167,4.2
1168,3.9
1169,3.6
1170,3.7
1171,3.8
1172,3.3
1173,2.9
1174,2.8
1175,2.5
1176,2.3
1177,2.2
1178,2.1
1179,2
1180,2
1181,1.9
1182,1.7
1183,1.7
1184,1.5
1185,1.3
1186,1.5
1187,1.2
1188,1.1
1189,1.3
1190,1
1191,0.7
1192,0.8
1193,0.7
1194,0.6
1195,0.7
1196,0.6
1197,0.4
1198,0.7
1199,0.8
1200,0.7
1201,0.7
1202,-0.2
1203,-0.6
1204,-1.1
1205,-1
1206,-1.1
1207,-0.5
1208,-0.4
1209,-0.7
1210,0.1
1211,1
1212,1.7
1213,1.9
1214,2.1
1215,2.3
1216,2
1217,2
1218,2.2
1219,2
1220,1.7
1221,1.9
1222,2
1223,2.1
1224,2.4
1225,2.4
1226,2.3
1227,1.9
1228,1.9
1229,1.3
1230,0.8
1231,0.5
1232,0.4
1233
1234
1235,0.4
1236,0.7
1237,0.8
1238,0.4
1239,0.2
1240,-0.2
1241,-0.2
1242,-0.3
1243,-0.2
1244,-0.4
1245,-0.3
1246,-0.5
1247,-0.6
1248,0.3
1249,-0.2
1250,-0.1
1251,0.2
1252,0.9
1253,0.9
1254,1.1
1255,1.2
1256,1.4
1257,1.5
1258,1.2
1259,1.3
1260,1.4
1261,1.2
1262,1.3
1263,1.1
1264,0.7
1265,0.8
1266,0.5
1267,0.3
1268,-0.1
1269,-0.4
1270,-0.9
1271,-1.4
1272,-1.4
1273,-1.4
1274,-1.3
1275,-0.8
1276,-0.1
1277
1278,0.2
1279,1.1
1280,1.3
1281,2.1
1282,2.6
1283,3
1284,3.4
1285,3.3
1286,3.6
1287,3.2
1288,2.5
1289,2.1
1290,2
1291,1.6
1292,1.7
1293,1.3
1294,1.7
1295,1.8
1296,1.9
1297,2.2
1298,2.4
1299,2.3
1300,2.3
1301,2.5
1302,2.2
1303,2.1
1304,1.9
1305,1.7
1306,2.3
1307,2.2
1308,2.4
1309,2.7
1310,2.1
1311,1.7
1312,1.5
1313,1
1314,0.6
1315
1316,-0.3
1317,-0.5
1318,-0.7
1319,-0.7
1320,-1.2
1321,-1.2
1322,-1.6
1323,-1.7
1324,-2.1
1325,-1.4
1326,-1.2
1327,-0.9
1328,-0.6
1329,-1.6
1330,-2.4
1331,-1.6
1332,-1.5
1333,-1.3
1334,-1.2
1335,-1
1336,-1.1
1337,-1.3
1338,-1.3
1339,-1.2
1340,-1
1341,-1.1
1342,-1.3
1343,-1.9
1344,-1.3
1345,-1.4
1346,-1.4
1347,-0.8
1348,-0.3
1349,-0.3
1350,-0.2
1351
1352,0.5
1353,0.5
1354,0.3
1355,1.2
1356,0.9
1357,0.7
1358,0.7
1359,0.4
1360,0.5
1361,0.4
1362,0.3
1363,0.1
1364,-0.2
1365,-0.6
1366,-0.9
1367,-1.5
1368,-1.5
1369,-1.6
1370,-2
1371,-2.2
1372,-2.2
1373,-2.3
1374,-2.2
1375,-2
1376,-1.9
1377,-2.1
1378,-2
1379,-1.9
1380,-1.2
1381,-1.8
1382,-1.4
1383,-1.6
1384,-1.6
1385,-2.7
1386,-2.6
1387,-2.9
1388,-3.4
1389,-3.4
1390,-3.9
1391,-4
1392,-4.2
1393,-4.5
1394,-4.3
1395,-3.9
1396,-4.1
1397,-4
1398,-3.9
1399,-4
1400,-4.3
1401,-4.3
1402,-3.9
1403,-3.6
1404,-3
1405,-2.3
1406,-1.8
1407,-1.5
1408,-1.5
1409,-0.3
1410,1.3
1411,2.4
1412,2.7
1413,2.3
1414,3.4
1415,2.9
1416,3.5
1417,3.8
1418,3.3
1419,3.1
1420,2.2
1421,1
1422,0.7
1423,0.5
1424,0.4
1425,0.6
1426,0.4
1427,-0.1
1428
1429,0.4
1430,0.6
1431,0.7
1432,0.4
1433,0.4
1434,0.3
1435,0.2
1436,0.2
1437
1438,0.5
1439,0.6
1440,0.9
1441,0.7
1442,1
1443,0.9
1444,1.2
1445,1.7
1446,1.5
1447,1.7
1448,1.6
1449,1.8
1450,1.7
1451,2.1
1452,2.1
1453,2.3
1454,2.6
1455,2.6
1456,2.5
1457,2.4
1458,2.4
1459,2.4
1460,2.1
1461,2.1
1462,1.8
1463,1.7
1464,1
1465,0.4
1466,0.3
1467
1468,0.1
1469,-0.2
1470,-0.6
1471,-1.1
1472,-1.6
1473,-1.8
1474,-1.7
1475,-1.4
1476,-0.7
1477,-0.5
1478,-0.4
1479,-0.1
1480,-0.4
1481
1482,0.2
1483,0.3
1484,0.3
1485,0.1
1486,0.1
1487,-0.1
1488,0.1
1489,-0.2
1490,-0.7
1491,-0.7
1492,-0.5
1493,-0.5
1494,-0.3
1495,-0.4
1496,-0.3
1497,-0.4
1498,-0.4
1499,-0.5
1500,-0.8
1501,-1
1502,-1.4
1503,-1.4
1504,-1
1505,-1.1
1506,-1.1
1507,-1.2
1508,-0.8
1509,-0.8
1510,-0.7
1511,-0.7
1512,-0.7
1513,-0.7
1514,-0.8
1515,-0.6
1516,-0.7
1517,-0.5
1518,-0.2
1519,-0.2
1520,-0.1
1521,-0.5
1522,-0.1
1523,0.1
1524,0.5
1525
1526,-0.7
1527,-0.8
1528,-0.4
1529,-0.1
1530
1531,0.4
1532,0.6
1533,0.8
1534,1.1
1535,1.2
1536,1.5
1537,1.5
1538,1.9
1539,2.1
1540,2.6
1541,2.6
1542,2.9
1543,3.2
1544,3.6
1545,3.6
1546,3.9
1547,4.2
1548,4.7
1549,5.1
1550,5.4
1551,5.6
1552,5.5
1553,5.4
1554,5.5
1555,5.5
1556,5.5
1557,5.8
1558,5.8
1559,5.6
1560,5.1
1561,5
1562,4.7
1563,4.4
1564,4.1
1565,4.7
1566,4.1
1567,3.3
1568,3.5
1569,3.5
1570,3.4
1571,3.3
1572,3.4
1573,3.4
1574,2.9
1575,2.6
1576,2.1
1577,2.7
1578,2.7
1579,2.9
1580,2.8
1581,2.4
1582,2.1
1583,2.4
1584,3.2
1585,3.3
1586,3.2
1587,3
1588,3.1
1589,2.8
1590,2.2
1591,2
1592,2.1
1593,1.9
1594,2
1595,2.2
1596,2.4
1597,2.4
1598,2.2
1599,2
1600,1.9
1601,1.9
1602,2.1
1603,1.4
1604,2
1605,2
1606,2.7
1607,3.3
1608,2.6
1609,3.8
1610,3.9
1611,4
1612,3.7
1613,3.2
1614,2.7
1615,1.9
1616,1.9
1617,1.7
1618,1.8
1619,1.6
1620,1.6
1621,1.7
1622,1.4
1623,1
1624,0.7
1625,1
1626,1
1627,0.9
1628,0.8
1629,0.2
1630,0.3
1631,0.7
1632,0.8
1633,1
1634,0.9
1635,1.1
1636,1.3
1637,1.7
1638,1.8
1639,1.6
1640,1.9
1641,2.4
1642,2.5
1643,2.6
1644,2.8
1645,2.7
1646,2.7
1647,2.4
1648,2.6
1649,2.6
1650,2.9
1651,3.9
1652,4.7
1653,5.2
1654,5.4
1655,5.4
1656,5
1657,5
1658,5
1659,4.7
1660,4.7
1661,4.4
1662,4.4
1663,4.3
1664,4.3
1665,4.5
1666,4.5
1667,4.7
1668,4.6
1669,4.6
1670,4.5
1671,4.4
1672,4.3
1673,4.3
1674,4.2
1675,4.1
1676,3.6
1677,3.7
1678,3.9
1679,3.8
1680,3.8
1681,3.7
1682,3.8
1683,3.8
1684,3.7
1685,3.7
1686,3.6
1687,3.5
1688,3.3
1689,3.2
1690,3.1
1691,3.2
1692,3.1
1693,3
1694,2.9
1695,3.1
1696,3
1697,2.9
1698,3
1699,2.8
1700,2.7
1701,2.9
1702,3.1
1703,3.1
1704,1.9
1705,1.6
1706,1.3
1707,1
1708,1.2
1709,1.5
1710,1.6
1711,1.7
1712,1.7
1713,1.7
1714,1.7
1715,1.6
1716,1.7
1717,1.8
1718,1.6
1719,1.5
1720,1.3
1721,1.1
1722,1
1723,0.9
1724,1
1725,1.1
1726,1
1727,1.1
1728,1
1729,1
1730,1
1731,1.1
1732,0.6
1733,0.8
1734,0.8
1735
1736,-0.3
1737,-0.1
1738,0.1
1739,0.4
1740,0.8
1741,0.9
1742,0.7
1743,0.7
1744,0.5
1745,0.4
1746,0.2
1747,0.4
1748,0.5
1749,0.4
1750,0.1
1751,-0.3
1752,-0.5
1753,-0.7
1754,-0.6
1755,-0.7
1756,-0.5
1757,-0.5
1758,-0.6
1759,-0.6
1760,-0.5
1761,-0.7
1762,-0.6
1763,-0.5
1764,-0.6
1765,-0.9
1766,-0.8
1767,-0.9
1768,-0.8
1769,-1
1770,-1
1771,-0.9
1772,-1.2
1773,-1.2
1774,-1.1
1775,-1.2
1776,-1.5
1777,-1.6
1778,-1.9
1779,-2.3
1780,-2.7
1781,-2.7
1782,-3
1783,-3.1
1784,-3.1
1785,-3.2
1786,-3.4
1787,-3.2
1788,-3
1789,-2.8
1790,-2.7
1791,-2.9
1792,-2.8
1793,-3
1794,-2.9
1795,-3.1
1796,-3.2
1797,-3.6
1798,-3.7
1799,-3.9
1800,-4
1801,-4.2
1802,-4.3
1803,-4.5
1804,-4.3
1805,-4.3
1806,-4.5
1807,-4.8
1808,-4.9
1809,-4.8
1810,-4.6
1811,-4.4
1812,-4.3
1813,-4.4
1814,-4.2
1815,-4.1
1816,-3.7
1817,-3.9
1818,-3.6
1819,-3.5
1820,-3.4
1821,-3.2
1822,-3.4
1823,-3.7
1824,-3.5
1825,-3.8
1826,-4.2
1827,-4.1
1828,-4.8
1829,-5
1830,-4.8
1831,-4.6
1832,-4.7
1833,-4
1834,-4
1835,-2.5
1836,-3
1837,-3.7
1838,-3.2
1839,-2.7
1840,-2.2
1841,-1.5
1842,-1.3
1843,-0.4
1844
1845,0.3
1846,0.2
1847,0.6
1848,0.9
1849,0.7
1850,-0.3
1851,-0.7
1852,-0.6
1853
1854,-0.6
1855,-0.5
1856,-0.3
1857,-0.2
1858,0.2
1859,0.1
1860,0.3
1861,0.2
1862,0.3
1863,0.5
1864,0.4
1865,0.6
1866,0.8
1867,0.7
1868,0.8
1869,0.8
1870,1.1
1871,1.1
1872,1
1873,1
1874,1.1
1875,1.1
1876,0.9
1877,0.9
1878,1
1879,1.3
1880,1.3
1881,1.3
1882,1.3
1883,1.4
1884,1.4
1885,1.2
1886,1.3
1887,1.6
1888,1.6
1889,1.7
1890,1.7
1891,1.7
1892,1.8
1893,1.8
1894,1.9
1895,1.9
1896,1.8
1897,1.7
1898,1.7
1899,1.6
1900,1.5
1901,1.3
1902,1.2
1903,1.1
1904,0.7
1905,0.7
1906,0.7
1907,0.8
1908,0.7
1909,0.5
1910,0.2
1911,0.2
1912,0.3
1913,0.2
1914,0.2
1915,0.2
1916,-0.3
1917,-0.4
1918,-0.4
1919,-0.8
1920,-1.1
1921,-0.4
1922,-0.2
1923,-0.5
1924,-0.4
1925,-0.8
1926,-0.9
1927,-1.3
1928,-0.9
1929,-0.6
1930,-1
1931,-0.8
1932,-1.2
1933,-1.4
1934,-1.3
1935,-1.4
1936,-1.6
1937,-2.1
1938,-1.4
1939,-1.5
1940,-1.5
1941,-0.9
1942,-1
1943,-1.3
1944,-0.9
1945,-1.4
1946,-1.9
1947,-2.2
1948,-2.8
1949,-3.3
1950,-3.4
1951,-3.3
1952,-3.4
1953,-3.4
1954,-3.6
1955,-3.5
1956,-3.6
1957,-3.3
1958,-3.4
1959,-3.3
1960,-3.2
1961,-3.2
1962,-3.5
1963,-3.5
1964,-6.1
1965,-6.3
1966,-6
1967,-7.4
1968,-8.1
1969,-8.1
1970,-7.7
1971,-7.6
1972,-7.3
1973,-6.9
1974,-6.5
1975,-6.5
1976,-6.7
1977,-6.6
1978,-6.4
1979,-6.2
1980,-6.1
1981,-6.3
1982,-6.3
1983,-6.5
1984,-6.5
1985,-6
1986,-6.3
1987,-6.3
1988,-6.2
1989,-6
1990,-6
1991,-6.1
1992,-6.3
1993,-6.1
1994,-6.3
1995,-6.3
1996,-6
1997,-6.5
1998,-6.8
1999,-7.1
2000,-7
2001,-7.4
2002,-7.3
2003,-7.4
2004,-6.8
2005,-6.6
2006,-7.1
2007,-7.1
2008,-7.3
2009,-7.1
2010,-7.1
2011,-7
2012,-7.3
2013,-7.5
2014,-8.2
2015,-8.1
2016,-8.3
2017,-8.1
2018,-8.3
2019,-8.2
2020,-8
2021,-8
2022,-8.2
2023,-7.7
2024,-8
2025,-8.4
2026,-8
2027,-8.2
2028,-8.5
2029,-8.6
2030,-8.3
2031,-8
2032,-8.9
2033,-8.4
2034,-8.2
2035,-7.7
2036,-6.7
2037,-5.4
2038,-4.4
2039,-3.7
2040,-3.1
2041,-2.4
2042,-1.2
2043,-0.7
2044,-0.4
2045,-0.2
2046,-0.2
2047
2048,0.6
2049,1.1
2050,1.6
2051,2.1
2052,2
2053,1.7
2054,1.4
2055,1.6
2056,1.8
2057,2.2
2058,2.1
2059,2.1
2060,2.6
2061,3.3
2062,3.2
2063,2.8
2064,2.4
2065,2.2
2066,2.1
2067,1.9
2068,1.8
2069,2
2070,2.1
2071,2.1
2072,2.1
2073,2
2074,2
2075,1.9
2076,1.9
2077,1.9
2078,1.7
2079,1.2
2080,1
2081,0.7
2082,0.6
2083,0.4
2084,0.5
2085,0.4
2086,0.1
2087,-0.1
2088,-0.4
2089,-0.8
2090,-0.9
2091,-0.6
2092,-0.5
2093,-0.6
2094
2095,0.5
2096,0.4
2097,0.4
2098,0.6
2099,0.6
2100,1.3
2101,2.5
2102,2.8
2103,2.7
2104,2.8
2105,2.9
2106,1.4
2107,1.1
2108,1.4
2109,1.3
2110,1.2
2111,0.5
2112,0.2
2113,-0.1
2114,-0.6
2115,-0.5
2116,-0.7
2117,-0.6
2118,-1.1
2119,-0.9
2120,-1.1
2121,-0.9
2122,-1
2123,-0.9
2124,-0.6
2125,-0.6
2126,-0.3
2127,-0.4
2128,-0.2
2129,-0.1
2130,0.2
2131,0.2
2132,0.1
2133,-0.1
2134,-0.3
2135,-0.4
2136,-0.7
2137,-0.9
2138,-1.1
2139,-1.4
2140,-1.5
2141,-1.3
2142,-1.1
2143,-0.3
2144,0.4
2145,1.4
2146,2.8
2147,3.2
2148,3.1
2149,2.7
2150,2.7
2151,2.7
2152,2.5
2153,2.5
2154,2.2
2155,1.5
2156,1.4
2157,1.1
2158,1
2159,0.8
2160,0.5
2161,0.5
2162,0.1
2163,-0.2
2164,0.3
2165,0.6
2166,0.6
2167,0.6
2168,0.5
2169,0.4
2170,0.5
2171,0.6
2172,0.7
2173,0.7
2174,0.8
2175,0.7
2176,0.6
2177,0.5
2178,0.2
2179
2180,-0.2
2181,-0.3
2182,-0.5
2183,-0.4
2184,-0.5
2185,-0.9
2186,-1.4
2187,-1.1
2188,-1.2
2189,-1.2
2190,-1.3
2191,-1.6
2192,-1.6
2193,-1.2
2194,-1
2195,-1.2
2196,0.2
2197,0.3
2198,0.3
2199,0.1
2200,-0.1
2201,0.3
2202,0.5
2203,0.6
2204,0.8
2205,0.9
2206,1.5
2207,0.8
2208,1.2
2209,1.7
2210,2.1
2211,2.7
2212,3
2213,3.1
2214,3.1
2215,3.2
2216,3
2217,3.2
2218,3.4
2219,3.7
2220,4.3
2221,3.8
2222,3.5
2223,3.3
2224,3.1
2225,3
2226,2.4
2227,2.4
2228,2.2
2229,1.8
2230,1.7
2231,1.5
2232,1.6
2233,1.6
2234,1.6
2235,1.2
2236,1
2237,-0.4
2238,-0.7
2239,-0.8
2240,-1.2
2241,-1.7
2242,-2.1
2243,-2.1
2244,-2.5
2245,-2.8
2246,-2.9
2247,-2.7
2248,-3.4
2249,-3.8
2250,-4.1
2251,-4.4
2252,-4.9
2253,-5
2254,-5
2255,-4.9
2256,-4.9
2257,-5.4
2258,-5.5
2259,-5.7
2260,-6.1
2261,-6.3
2262,-6.7
2263,-6.6
2264,-6.6
2265,-6.6
2266,-6.9
2267,-6.7
2268,-6.5
2269,-6.4
2270,-6.6
2271,-7
2272,-7.9
2273,-8
2274,-8.1
2275,-8.2
2276,-8.1
2277,-8.2
2278,-8.4
2279,-7
2280,-3.8
2281,-2
2282,-1.6
2283,-1.3
2284,-1.1
2285,-1.2
2286,-1.6
2287,-1.2
2288,-0.3
2289,0.4
2290,0.8
2291,1
2292,1.2
2293,1.3
2294,0.7
2295,0.8
2296,0.9
2297,0.7
2298,0.3
2299
2300,-0.5
2301,-1
2302,-1.5
2303,-2.1
2304,-2.3
2305,-2.5
2306,-2.8
2307,-3.4
2308,-3.4
2309,-3.7
2310,-3.8
2311,-4.3
2312,-4.2
2313,-4
2314,-3.9
2315,-3.9
2316,-4
2317,-4.3
2318,-4.5
2319,-4.6
2320,-4.2
2321,-4.1
2322,-4.2
2323,-4.2
2324,-4.5
2325,-4.9
2326,-5.1
2327,-5.5
2328,-5.7
2329,-6.1
2330,-6.3
2331,-6.3
2332,-6.1
2333,-5.9
2334,-5.4
2335,-4.9
2336,-4.4
2337,-4.3
2338,-3.6
2339,-3.9
2340,-3.5
2341,-2
2342,-1.3
2343,-0.5
2344,-0.3
2345,0.1
2346,0.5
2347,0.1
2348,0.2
2349,0.4
2350,0.4
2351,0.7
2352,1.9
2353,1.8
2354,2.2
2355,2.5
2356,2.6
2357,2.4
2358,2.2
2359,2.1
2360,1.9
2361,1.9
2362,1.8
2363,1.8
2364,1.9
2365,1.9
2366,1.8
2367,1.5
2368,1.3
2369,0.8
2370,0.6
2371,-0.1
2372,-0.3
2373,-0.4
2374,-0.6
2375,-0.7
2376,-0.4
2377,0.3
2378,1.5
2379,1.1
2380,1.3
2381,0.9
2382,0.7
2383,1.3
2384,1.3
2385,1.6
2386,1.3
2387,1
2388,1
2389,0.8
2390,0.4
2391,0.3
2392,0.5
2393,0.3
2394
2395,-0.2
2396,-0.3
2397,-0.4
2398,-0.4
2399,-0.5
2400,-0.6
2401,-0.5
2402,-0.6
2403,-0.4
2404,-0.4
2405,-0.4
2406,-0.4
2407,-0.4
2408,-0.5
2409,-0.8
2410,-1
2411,-1.1
2412,-1.3
2413,-1.6
2414,-1.7
2415,-1.1
2416,-2.2
2417,-3.3
2418,-3.2
2419,-3.1
2420,-3.1
2421,-3
2422,-2.9
2423,-2.8
2424,-2.7
2425,-2.7
2426,-2.7
2427,-3
2428,-3.5
2429,-3.9
2430,-4.4
2431,-4.9
2432,-5.2
2433,-5.4
2434,-5.5
2435,-5.3
2436,-5.1
2437,-4.7
2438,-4.4
2439,-4.6
2440,-4.5
2441,-3.8
2442,-3.3
2443,-2.9
2444,-0.4
2445,0.1
2446,-0.2
2447,-0.4
2448,0.1
2449,0.5
2450,0.9
2451,1.3
2452,1.5
2453,1.2
2454,1.9
2455,2.1
2456,1.7
2457,1.6
2458,1.5
2459,1.4
2460,1.6
2461,1.9
2462,1.9
2463,1.6
2464,1.4
2465,1.3
2466,1.3
2467,1.3
2468,1.7
2469,1.9
2470,2.1
2471,1.9
2472,1.5
2473,1.4
2474,1.1
2475,0.8
2476,0.6
2477,0.5
2478,0.3
2479,0.1
2480
2481,-0.1
2482
2483,0.2
2484,0.4
2485,0.5
2486,-0.1
2487,-0.4
2488,-0.6
2489,-0.9
2490,-1.1
2491,-1.3
2492,-1.7
2493,-2.3
2494,-2.5
2495,-2.6
2496,-2.6
2497,-2.8
2498,-2.8
2499,-2.5
2500,-2
2501,-1.4
2502,-2
2503,-2.2
2504,-2.2
2505,-1.4
2506,-1.7
2507,-1
2508,-0.5
2509,0.2
2510,0.8
2511,0.5
2512,0.8
2513,0.9
2514,0.8
2515,0.5
2516,0.2
2517,0.1
2518,-0.2
2519
2520,-0.3
2521,-0.4
2522,-0.2
2523,0.2
2524,0.4
2525,0.3
2526,0.2
2527,-0.1
2528,-0.1
2529,-0.2
2530,-0.3
2531,-1
2532,-1.6
2533,-1.9
2534,-1.9
2535,-2.1
2536,-2.2
2537,-2.3
2538,-2.9
2539,-3
2540,-3.3
2541,-3
2542,-2.9
2543,-3.2
2544,-3.6
2545,-4.2
2546,-5
2547,-5.3
2548,-5.4
2549,-5.1
2550,-5
2551,-6.2
2552,-5.8
2553,-5.1
2554,-4.7
2555,-4.4
2556,-4.2
2557,-4
2558,-3.9
2559,-4
2560,-4.1
2561,-4.4
2562,-4.3
2563,-4
2564,-3.6
2565,-3.3
2566,-3.3
2567,-3.4
2568,-3
2569,-2.8
2570,-2.6
2571,-2.7
2572,-2.9
2573,-3.5
2574,-3.5
2575,-3.7
2576,-4.2
2577,-4
2578,-5.4
2579,-5.7
2580,-5.6
2581,-5.2
2582,-5.3
2583,-5.7
2584,-5.6
2585,-5.8
2586,-5.8
2587,-4.7
2588,-3.4
2589,-2.1
2590,-1.8
2591,-1.9
2592,-2
2593,-2.1
2594,-1.8
2595,-1.9
2596,-2
2597,-1.2
2598
2599,-0.3
2600,-1
2601,-1.3
2602,-1.6
2603,-3.2
2604,-3.8
2605,-4.3
2606,-4.5
2607,-4.6
2608,-5
2609,-5.2
2610,-5.9
2611,-6.4
2612,-6.3
2613,-6.3
2614,-6.8
2615,-6.9
2616,-7
2617,-7.1
2618,-7.5
2619,-7.2
2620,-6.2
2621,-5
2622,-6.4
2623,-6.2
2624,-6.1
2625,-5.6
2626,-5.8
2627,-5.3
2628,-5.1
2629,-4.9
2630,-5.7
2631,-5.5
2632,-6.1
2633,-7.4
2634,-8.2
2635,-8.7
2636,-8.8
2637,-9
2638,-8.6
2639,-8.6
2640,-8.6
2641,-9
2642,-9.3
2643,-9.1
2644,-9.4
2645,-8
2646,-6.4
2647,-4
2648,-4.4
2649,-2.9
2650,-2.3
2651,-2.2
2652,-1.7
2653,-1.3
2654,-1
2655,-0.7
2656,0.2
2657,0.5
2658,-0.8
2659,-1
2660,-0.3
2661,-1.2
2662,-1.6
2663,-2.1
2664,-1.9
2665,-2.1
2666,-2.3
2667,-2.6
2668,-3.1
2669,-3
2670,-3.2
2671,-4.3
2672,-4.7
2673,-6.3
2674,-7.5
2675,-7.6
2676,-7.1
2677,-6.7
2678,-6.7
2679,-6.9
2680,-6.9
2681,-7.2
2682,-8
2683,-8.4
2684,-8.9
2685,-9.3
2686,-9.4
2687,-9.5
2688,-9.6
2689,-9.6
2690,-9.9
2691,-10.4
2692,-10.3
2693,-10.1
2694,-10.4
2695,-10.7
2696,-11.8
2697,-12.1
2698,-12
2699,-12.7
2700,-12.8
2701,-12.5
2702,-12.4
2703,-12.6
2704,-13.3
2705,-12.8
2706,-13.3
2707,-13.5
2708,-12.8
2709,-12.9
2710,-13.8
2711,-13.5
2712,-13
2713,-13.2
2714,-13.1
2715,-13.1
2716,-12.5
2717,-12.2
2718,-11.9
2719,-11.4
2720,-11.5
2721,-10.9
2722,-9.8
2723,-9.4
2724,-10.2
2725,-9.4
2726,-7.4
2727,-6.6
2728,-5.1
2729,-3.9
2730,-4.3
2731,-4.6
2732,-4.7
2733,-5.2
2734,-4.8
2735,-4.3
2736,-4.3
2737,-3.7
2738,-3.2
2739,-3.4
2740,-2.7
2741,-2.2
2742,-2.2
2743,-2.1
2744,-2.2
2745,-1.8
2746,-1.4
2747,-1.1
2748,-0.8
2749,-0.5
2750,-0.2
2751,-0.2
2752,-0.4
2753,0.2
2754,-0.1
2755,-0.8
2756,-1.4
2757,-1.7
2758,-1.8
2759,-1.9
2760,-1.7
2761,-1.8
2762,-2
2763,-3.1
2764,-4.1
2765,-5.1
2766,-6.7
2767,-7.7
2768,-8.6
2769,-9.4
2770,-9.5
2771,-9.3
2772,-9.3
2773,-9.5
2774,-9.6
2775,-9
2776,-8.3
2777,-8
2778,-7.8
2779,-5.3
2780,-4.5
2781,-4.1
2782,-4.1
2783,-4
2784,-3.9
2785,-3.9
2786,-3.7
2787,-3.3
2788,-2.9
2789,-2.9
2790,-3.2
2791,-3.1
2792,-2.9
2793,-2.6
2794,-2.6
2795,-3
2796,-3.3
2797,-3.5
2798,-4
2799,-3.7
2800,-4.2
2801,-4.5
2802,-4.6
2803,-4.6
2804,-4.5
2805,-4.9
2806,-4.8
2807,-5.2
2808,-5.2
2809,-5.3
2810,-5.6
2811,-5.9
2812,-6.5
2813,-6.3
2814,-6.2
2815,-6.5
2816,-6.3
2817,-6.1
2818,-6.4
2819,-6.4
2820,-7.2
2821,-7.3
2822,-7.7
2823,-7.8
2824,-8.3
2825,-8.8
2826,-9.1
2827,-9.3
2828,-9.3
2829,-9.5
2830,-9.6
2831,-9.9
2832,-10.1
2833,-10.2
2834,-10.8
2835,-11.1
2836,-11.7
2837,-12
2838,-12.3
2839,-12.6
2840,-13.1
2841,-13.1
2842,-12.8
2843,-12.4
2844,-11.8
2845,-11.6
2846,-11.8
2847,-11.5
2848,-11.8
2849,-12
2850,-12.1
2851,-12.4
2852,-12.7
2853,-13
2854,-12.7
2855,-11.6
2856,-11.4
2857,-10.3
2858,-8.9
2859,-6.8
2860,-6.1
2861,-6
2862,-5.9
2863,-5.9
2864,-6
2865,-5.7
2866,-5.2
2867,-5
2868,-4.6
2869,-4.7
2870,-4.6
2871,-5
2872,-4.8
2873,-5.3
2874,-5.1
2875,-5.2
2876,-5.1
2877,-4.9
2878,-4.3
2879,-4.4
2880,-4.3
2881,-4.5
2882,-4.5
2883,-4.2
2884,-4.5
2885,-4.4
2886,-4.5
2887,-4.6
2888,-4.7
2889,-4.8
2890,-4.5
2891,-4.4
2892,-4.2
2893,-4.1
2894,-4.2
2895,-3.6
2896,-3.7
2897,-4.1
2898,-4.1
2899,-4.2
2900,-3.9
2901,-3.7
2902,-3.4
2903,-2.9
2904,-2.7
2905,-2.5
2906,-2.3
2907,-2.2
2908,-2
2909,-2
2910,-2
2911,-1.7
2912,-1.4
2913,-1
2914,-1.1
2915,-0.6
2916,-0.2
2917,0.1
2918,0.3
2919,0.4
2920,0.4
2921,0.3
2922,0.1
2923
2924
2925,-0.4
2926,-0.2
2927,-0.3
2928,-0.4
2929,-0.4
2930,-0.4
2931,-0.4
2932,-0.3
2933,-0.4
2934,-0.7
2935,-1.1
2936,-1.2
2937,-1
2938,-0.5
2939,-0.3
2940,-0.8
2941,-1.3
2942,-1.7
2943,-1.9
2944,-3
2945,-4.6
2946,-5.8
2947,-4.2
2948,-2.5
2949,-1.5
2950,-1.3
2951,-1.4
2952,-1.2
2953,-2.1
2954,-3
2955,-3.5
2956,-5.2
2957,-5.1
2958,-4.4
2959,-5.1
2960,-4.3
2961,-3.7
2962,-3.1
2963,-2.6
2964,-2.2
2965,-2.3
2966,-2.4
2967,-2.6
2968,-2.8
2969,-2.8
2970,-3.1
2971,-3.5
2972,-3.8
2973,-3.8
2974,-3.8
2975,-3.9
2976,-3.9
2977,-3.7
2978,-3.2
2979,-2.5
2980,-2.1
2981,-1.4
2982,-1.6
2983,-1.5
2984,-1.2
2985,-1.6
2986,-1.7
2987,-1.1
2988,-1.2
2989,-1.7
2990,-1.8
2991,-1.9
2992,-1.9
2993,-1.9
2994,-1.7
2995,-1.7
2996,-1.7
2997,-1.8
2998,-1.9
2999,-2
3000,-2.3
3001,-2.3
3002,-2.4
3003,-2.5
3004,-2.4
3005,-2
3006,-1.5
3007,-0.8
3008,-0.4
3009,-0.1
3010
3011,0.3
3012,0.5
3013,0.8
3014,1
3015,1.2
3016,1.3
3017,1.5
3018,1.1
3019,1
3020,0.8
3021,0.3
3022,-0.2
3023,-0.5
3024,-0.8
3025,-1
3026,-1.2
3027,-1.4
3028,-1.6
3029,-1.8
3030,-2.2
3031,-2.8
3032,-3.1
3033,-3.4
3034,-3.8
3035,-3.8
3036,-3.9
3037,-3.8
3038,-4.1
3039,-4.5
3040,-5
3041,-5.2
3042,-5.4
3043,-5.4
3044,-5.2
3045,-4.5
3046,-3.5
3047,-2.2
3048,-0.7
3049,-0.2
3050,-0.3
3051,-0.2
3052,-0.2
3053,-0.1
3054
3055,0.4
3056,0.6
3057,1
3058,0.6
3059,0.7
3060
3061,-0.2
3062,-0.3
3063,-0.2
3064,-0.4
3065,-0.6
3066,-0.4
3067,-0.2
3068,-0.1
3069,-0.1
3070,-0.3
3071,-0.6
3072,-0.6
3073,-0.7
3074,-1
3075,-1
3076,-1.1
3077,-1
3078,-1
3079,-1
3080,-1.9
3081,-4.1
3082,-5.3
3083,-6
3084,-6
3085,-5.8
3086,-5.4
3087,-5.5
3088,-5.9
3089,-6.7
3090,-6
3091,-5.3
3092,-4.9
3093,-3.2
3094,-1.8
3095,-1.4
3096,-1.8
3097,-2.2
3098,-2.4
3099,-2.3
3100,-1.7
3101,-1.7
3102,-1.4
3103,-1.2
3104,-0.8
3105,-0.4
3106,-0.3
3107,0.2
3108,0.7
3109,0.7
3110,0.7
3111,0.7
3112,0.9
3113,0.9
3114,0.7
3115,0.6
3116,0.7
3117,0.9
3118,0.9
3119,0.8
3120,0.8
3121,0.7
3122,0.6
3123,0.5
3124,0.7
3125,0.8
3126,0.8
3127,0.8
3128,0.7
3129,0.7
3130,0.7
3131,0.9
3132,0.9
3133,1.1
3134,1.2
3135,1.3
3136,1.3
3137,2
3138,1.8
3139,1.9
3140,1.8
3141,1.9
3142,2
3143,1.5
3144,1.7
3145,1.7
3146,1.9
3147,1.8
3148,1.6
3149,1.5
3150,1.9
3151,1.8
3152,1.8
3153,1.5
3154,1.3
3155,1.5
3156,1.7
3157,1.3
3158,1.6
3159,1.7
3160,1.6
3161,1.4
3162,1.6
3163,1.8
3164,1.9
3165,1.7
3166,1.8
3167,1.7
3168,1.5
3169,0.2
3170,0.6
3171,1.4
3172,1.5
3173,1.5
3174,1.5
3175,1.6
3176,1.7
3177,1.7
3178,1.8
3179,2.1
3180,2.3
3181,2.4
3182,2.6
3183,2.7
3184,2.6
3185,2.4
3186,1.9
3187,2.2
3188,2.3
3189,1.9
3190,1.7
3191,1.6
3192,1.6
3193,1.7
3194,1.5
3195,1.5
3196,1.2
3197,1.1
3198,1.1
3199,0.9
3200,0.6
3201,0.3
3202,0.8
3203,0.7
3204,0.9
3205,0.7
3206,0.8
3207,0.7
3208,0.7
3209,0.4
3210,0.4
3211,0.2
3212
3213,0.1
3214,0.2
3215,0.4
3216,0.4
3217,0.4
3218,0.5
3219,0.3
3220
3221,-0.4
3222,-0.5
3223,-0.7
3224,-1.1
3225,-1.6
3226,-1.9
3227,-1.8
3228,-1.2
3229,-0.7
3230,-0.5
3231,-0.5
3232,-0.7
3233,-0.7
3234,-0.9
3235,-1.2
3236,-1.6
3237,-1.9
3238,-2.3
3239,-2.5
3240,-2.7
3241,-2.1
3242,-1.2
3243,-1.1
3244,-0.1
3245,0.1
3246,-0.2
3247,-0.4
3248,-0.6
3249,-0.3
3250,-0.3
3251,-0.4
3252,-0.1
3253,0.3
3254,0.3
3255,0.5
3256,0.4
3257,0.3
3258,0.3
3259,0.5
3260,0.5
3261,0.3
3262,0.6
3263,1.1
3264,2
3265,2.2
3266,2.2
3267,2
3268,2.1
3269,1.9
3270,1.4
3271,0.8
3272,0.5
3273,0.3
3274,0.8
3275,1
3276,0.8
3277,1
3278,1.2
3279,1.6
3280,1.5
3281,0.9
3282,1.3
3283,1.4
3284,1.5
3285,1.4
3286,1.2
3287,2.1
3288,1.9
3289,2.2
3290,1.9
3291,3
3292,1.6
3293,1.7
3294,2.5
3295,2.8
3296,3.1
3297,3.1
3298,3.7
3299,3.2
3300,3
3301,2.1
3302,2.2
3303,3.2
3304,2
3305,1.7
3306,1.8
3307,1.6
3308,1.2
3309,1
3310,0.9
3311,0.9
3312,1
3313,1
3314,1.2
3315,1.3
3316,1.2
3317,1.1
3318,1.4
3319,1.7
3320,1.9
3321,2.1
3322,2.2
3323,2.3
3324,2.2
3325,2.2
3326,2.2
3327,2
3328,1.7
3329,1.7
3330,1.5
3331,1.5
3332,1.4
3333,2
3334,1.4
3335,1.9
3336,2.1
3337,2
3338,1.9
3339,1.6
3340,1.6
3341,1.2
3342,1.1
3343,0.8
3344,0.6
3345,1.1
3346,1.5
3347,1.9
3348,2.3
3349,2.4
3350,2.6
3351,2.5
3352,1.8
3353,1.6
3354,0.9
3355,0.7
3356
3357
3358,-0.2
3359,-0.4
3360,-0.5
3361,-1
3362,-0.9
3363,-1.1
3364,-0.7
3365,-0.3
3366
3367,0.1
3368
3369,0.2
3370,0.4
3371,0.7
3372,0.8
3373,0.8
3374,1.3
3375,1.5
3376,1.9
3377,1.9
3378,1.9
3379,1.9
3380,2
3381,1.8
3382,1.5
3383,1.5
3384,1.5
3385,1.5
3386,1.5
3387,1.5
3388,1.5
3389,1.6
3390,1.6
3391,1.5
3392,1.6
3393,1.5
3394,1.7
3395,1.5
3396,1.6
3397,1.7
3398,1.7
3399,1.7
3400,1.8
3401,1.8
3402,1.6
3403,1.5
3404,1.8
3405,1.7
3406,1.7
3407,1.8
3408,1.7
3409,1.6
3410,1.7
3411,1.8
3412,1.7
3413,1.9
3414,1.9
3415,1.6
3416,1.7
3417,1.8
3418,0.9
3419,-0.7
3420,-1.9
3421,-2.4
3422,-2.3
3423,-2.5
3424,-2.5
3425,-2.8
3426,-2.7
3427,-2.7
3428,-3.3
3429,-3.6
3430,-3.7
3431,-3.7
3432,-4.1
3433,-4.5
3434,-4.9
3435,-5.1
3436,-5.6
3437,-5.9
3438,-6.4
3439,-6.7
3440,-6.9
3441,-6.6
3442,-6.1
3443,-5.3
3444,-4.8
3445,-4.4
3446,-4.2
3447,-4
3448,-4.2
3449,-4.3
3450,-4.9
3451,-5.3
3452,-5.9
3453,-6.4
3454,-6.8
3455,-7.1
3456,-7.2
3457,-7.8
3458,-7.9
3459,-8.3
3460,-8.8
3461,-9.1
3462,-9.3
3463,-8.7
3464,-9.2
3465,-8.3
3466,-7
3467,-5.7
3468,-4.5
3469,-3.1
3470,-2.8
3471,-2.6
3472,-2.7
3473,-3
3474,-2.8
3475,-3.1
3476,-3.3
3477,-2.3
3478,-1
3479,-0.6
3480,-0.2
3481,0.1
3482,-0.5
3483,-0.1
3484,0.2
3485,0.2
3486,0.3
3487,0.3
3488,0.2
3489,0.3
3490,0.4
3491,0.8
3492,1.5
3493,2.2
3494,2.9
3495,2.9
3496,2.9
3497,2.7
3498,2.3
3499,1.9
3500,2
3501,1.8
3502,1.3
3503,1.3
3504,1.2
3505,1.3
3506,1.1
3507,1.1
3508,1
3509,0.9
3510,1.2
3511,1.3
3512,1.2
3513,1.2
3514,1
3515,1.2
3516,1.3
3517,1.3
3518,1.4
3519,1.8
3520,2.3
3521,2.5
3522,2.5
3523,3.2
3524,3.3
3525,3.5
3526,3.7
3527,3.8
3528,4.4
3529,4.5
3530,4.6
3531,4.3
3532,4.4
3533,4.3
3534,4.2
3535,4.5
3536,4.9
3537,4.7
3538,4.9
3539,5.3
3540,5.7
3541,5.7
3542,5.4
3543,4.8
3544,4.7
3545,3.7
3546,2.9
3547,2.9
3548,3.1
3549,2.8
3550,2.7
3551,2.8
3552,2.3
3553,1.7
3554,1.3
3555,1.1
3556,1.4
3557,1.9
3558,1.9
3559,1.8
3560,1.9
3561,2.1
3562,2.1
3563,2.2
3564,2.7
3565,3.1
3566,3.4
3567,3.6
3568,3.3
3569,2.9
3570,2.6
3571,2.3
3572,2.1
3573,1.7
3574,1.2
3575,1
3576,1
3577,1.1
3578,1.3
3579,1.5
3580,1.6
3581,1.5
3582,1.6
3583,1.5
3584,1.6
3585,2
3586,1.9
3587,1.9
3588,2.2
3589,2.4
3590,2.6
3591,2.6
3592,3.8
3593,3.5
3594,2.6
3595,2.9
3596,2.3
3597,4
3598,3.4
3599,2.7
3600,3.2
3601,3.6
3602,3.4
3603,2.5
3604,2.8
3605,2.6
3606,2.7
3607,2.2
3608,2.2
3609,2.2
3610,2.8
3611,2.7
3612,2.6
3613,2.7
3614,2.7
3615,2.4
3616,2
3617,0.9
3618,-0.2
3619,-1
3620,-1.1
3621,-1.7
3622,-2.4
3623,-2.7
3624,-3.2
3625,-4.2
3626,-4.2
3627,-4.8
3628,-5.5
3629,-5.6
3630,-5.9
3631,-6.4
3632,-6.3
3633,-5.9
3634,-5.1
3635,-4.2
3636,-3.6
3637,-3.2
3638,-2.9
3639,-2.5
3640,-2.5
3641,-2.7
3642,-3.2
3643,-3.8
3644,-3.8
3645,-3.8
3646,-3.6
3647,-3.3
3648,-2.7
3649,-1.8
3650,-0.5
3651,0.1
3652,0.4
3653,0.2
3654
3655,-0.1
3656,0.2
3657,0.9
3658,1.4
3659,1.5
3660,1.6
3661,1.7
3662,1.9
3663,1.9
3664,2
3665,1.8
3666,1.9
3667,1.3
3668,1.4
3669,1.4
3670,0.5
3671,-0.4
3672,-1.4
3673,-2.2
3674,-3.2
3675,-4.4
3676,-5.2
3677,-5.7
3678,-6.3
3679,-6.8
3680,-6.9
3681,-6.9
3682,-6.6
3683,-5.1
3684,-3.9
3685,-5
3686,-4.8
3687,-4.6
3688,-4.3
3689,-4
3690,-3.7
3691,-3.3
3692,-3
3693,-2.9
3694,-2.7
3695,-2.6
3696,-2.7
3697,-2.7
3698,-2.8
3699,-2.7
3700,-2.7
3701,-2.9
3702,-3.1
3703,-4
3704,-3.4
3705,-2.7
3706,-2.3
3707,-1.8
3708,-1.7
3709,-1.6
3710,-1.7
3711,-1.6
3712,-1.7
3713,-1.6
3714,-1.3
3715,-1.3
3716,-1.1
3717,-1
3718,-1
3719,-1
3720,-0.9
3721,-1.4
3722,-2.6
3723,-2.7
3724,-2.8
3725,-2.8
3726,-3.2
3727,-3.3
3728,-3.1
3729,-3
3730,-2.9
3731,-2.5
3732,-2.7
3733,-3.4
3734,-2.8
3735,-3.1
3736,-3.4
3737,-4.3
3738,-5
3739,-6
3740,-6.5
3741,-7.3
3742,-7.6
3743,-8
3744,-8.4
3745,-8.8
3746,-9.2
3747,-9.3
3748,-9.6
3749,-9.9
3750,-9.9
3751,-9.4
3752,-8.6
3753,-7.1
3754,-5.6
3755,-4.6
3756,-3.9
3757,-3.3
3758,-3.4
3759,-3.6
3760,-3.1
3761,-2.9
3762,-2.9
3763,-2.8
3764,-2.6
3765,-2.2
3766,-2
3767,-1.3
3768,-1.6
3769,-0.9
3770,-0.4
3771
3772,0.1
3773,-0.1
3774,-0.5
3775,-0.5
3776,-0.4
3777,-0.2
3778,-0.2
3779,-0.3
3780,0.3
3781,0.5
3782,0.4
3783,0.3
3784,0.2
3785,0.2
3786,0.3
3787,0.5
3788,0.6
3789,0.9
3790,1.1
3791,1.1
3792,1.3
3793,1.4
3794,1.5
3795,2
3796,2.3
3797,2.7
3798,2.5
3799,2.4
3800,2.3
3801,2.2
3802,2.4
3803,2.6
3804,3.1
3805,2.7
3806,2.9
3807,3
3808,2.8
3809,2.7
3810,2.3
3811,2.6
3812,2.4
3813,2.2
3814,1.9
3815,2
3816,1.1
3817,0.8
3818,0.6
3819,0.3
3820,-1.1
3821,-1.4
3822,-1.2
3823,-1.1
3824,-0.6
3825,-0.3
3826
3827,0.6
3828,1.1
3829,1.1
3830,1.2
3831,1.4
3832,0.8
3833,0.4
3834,0.9
3835,1.4
3836,1.7
3837,1.7
3838,0.7
3839,1.2
3840,1.2
3841,0.7
3842,0.7
3843,1
3844,1.1
3845,0.6
3846,0.4
3847,-0.5
3848,-1.1
3849,-1
3850,-0.9
3851,-0.5
3852,-0.6
3853,-0.8
3854,-0.8
3855,-0.7
3856,-0.8
3857,-0.8
3858,-1.1
3859,-1.7
3860,-2.1
3861,-2.5
3862,-2.9
3863,-2.9
3864,-2.8
3865,-3.7
3866,-4.3
3867,-4.2
3868,-4.6
3869,-4.8
3870,-5.4
3871,-5.5
3872,-5.8
3873,-5.7
3874,-4.7
3875,-4.3
3876,-3.5
3877,-3.6
3878,-3.7
3879,-3.2
3880,-3.6
3881,-3.6
3882,-3.5
3883,-3.9
3884,-4
3885,-4.3
3886,-4.6
3887,-4.7
3888,-5.1
3889,-5.3
3890,-5.7
3891,-6.4
3892,-6.7
3893,-6.7
3894,-6.3
3895,-6
3896,-5.8
3897,-4.7
3898,-3.5
3899,-2.6
3900,-2.3
3901,-2.2
3902,-1.8
3903,-1.5
3904,-1.6
3905,-1.9
3906,-1.7
3907,-2.1
3908,-2.4
3909,-2.5
3910,-3.5
3911,-3.6
3912,-4.1
3913,-3.8
3914,-3.2
3915,-3.6
3916,-3.8
3917,-3.4
3918,-3.7
3919,-2.6
3920,-1.6
3921,-1.4
3922,-1.4
3923,-1.2
3924,-1.1
3925,-0.6
3926,-0.7
3927,-0.7
3928,-0.4
3929
3930,-0.1
3931,-0.3
3932,-0.1
3933,-0.9
3934,-0.9
3935,-0.7
3936,-0.6
3937,-0.4
3938,0.1
3939,0.5
3940,0.7
3941,0.8
3942,0.8
3943,0.8
3944,0.8
3945
3946
3947,1.2
3948,1.4
3949,1.6
3950,1.8
3951,1.7
3952,1.5
3953,1.5
3954,1.8
3955,1.7
3956,1.9
3957,1.7
3958,1.6
3959,1.8
3960,1.5
3961,1.6
3962,1.6
3963,1.4
3964,1.4
3965,1.3
3966,1.2
3967,1
3968,1.4
3969,1.5
3970,1.2
3971,1.4
3972,1.4
3973,1.3
3974,1.4
3975,1.3
3976,1.2
3977,1.3
3978,1.3
3979,1.4
3980,1.5
3981,1.8
3982,2.1
3983,1.8
3984,1.5
3985,1.5
3986,1.3
3987,1.3
3988,1.1
3989,1.3
3990,1.2
3991,1.2
3992,1.1
3993,1.1
3994,1.1
3995,1.3
3996,1.2
3997,1.2
3998,1.3
3999,1.3
4000,1.1
4001,1.1
4002,1.2
4003,1.2
4004,1.4
4005,1.3
4006,1.3
4007,1.3
4008,1.3
4009,1
4010,1
4011,1
4012,0.9
4013,0.9
4014,0.8
4015,0.7
4016,0.9
4017,0.9
4018,1.1
4019,1.2
4020,1.3
4021,1.4
4022,1.8
4023,1.5
4024,0.4
4025,0.5
4026,0.9
4027,1.5
4028,2
4029,2.2
4030,2.3
4031,2.4
4032,2.4
4033,2.2
4034,2.4
4035,2.7
4036,2.4
4037,2.3
4038,2.2
4039,2.4
4040,2.3
4041,2.4
4042,2.7
4043,2.4
4044,2.4
4045,2.4
4046,2.1
4047,2.2
4048,2.4
4049,2.4
4050,2.2
4051,2.2
4052,2
4053,1.9
4054,1.8
4055,2.2
4056,1.7
4057,1.7
4058,1.6
4059,1.6
4060,1.5
4061,1.4
4062,1.3
4063,1.4
4064,1.4
4065,1.7
4066,1.6
4067,1.7
4068,1.9
4069,1.4
4070,1.6
4071,2.4
4072,2.2
4073,2.3
4074,2.1
4075,2.1
4076,1.9
4077,1.6
4078,1.5
4079,1.3
4080,1.2
4081,0.9
4082,0.6
4083,0.3
4084,0.4
4085,-0.1
4086,-0.2
4087,-0.5
4088,-0.5
4089
4090,1.1
4091,1.6
4092,2.1
4093,2.4
4094,1.9
4095,1
4096,0.9
4097,1
4098,1.5
4099,1.6
4100,1.7
4101,1.3
4102,1
4103,0.9
4104,1
4105,0.9
4106,1
4107,1
4108,1
4109,1.2
4110,1
4111,1
4112,1.6
4113,1.8
4114,1.9
4115,1.8
4116,2.2
4117,2.4
4118,2.2
4119,2
4120,1.8
4121,1.8
4122,1.6
4123,1.8
4124,2.2
4125,2.9
4126,3.5
4127,3.7
4128,3.6
4129,2.8
4130,2.4
4131,2.1
4132,1.8
4133,1.5
4134,1.4
4135,1.6
4136,2.1
4137,2.5
4138,3.1
4139,3.8
4140,4.3
4141,4.7
4142,4.8
4143,5.5
4144,4.8
4145,3.7
4146,3.7
4147,2.7
4148,2.4
4149,1.5
4150,1.7
4151,1.1
4152,1
4153,1.2
4154,1.1
4155,1.1
4156,1
4157,1.2
4158,1.6
4159,1.9
4160,1.9
4161,2.3
4162,2.3
4163,2.4
4164,2.4
4165,2.2
4166,2.5
4167,2.5
4168,2.4
4169,2.3
4170,1.9
4171,1.7
4172,1.4
4173,1
4174,1.2
4175,1.3
4176,1.7
4177,1.9
4178,1.7
4179,1.5
4180,1.7
4181,1.5
4182,1.8
4183,2
4184,2.5
4185,3.2
4186,3.7
4187,4
4188,4.6
4189,4.7
4190,4.7
4191,4.8
4192,4.9
4193,4.6
4194,2.1
4195,2
4196,1.7
4197,1.6
4198,1.6
4199,1.5
4200,1.1
4201,1
4202,0.8
4203,0.7
4204,0.6
4205,0.5
4206,0.5
4207,0.4
4208,0.9
4209,1.2
4210,2
4211,2.7
4212,1.8
4213,1.7
4214,2.1
4215,2.4
4216,1.6
4217,2.6
4218,1.2
4219,0.6
4220,0.1
4221
4222,-0.4
4223,-0.5
4224,-0.4
4225,-0.5
4226,-0.6
4227,-0.8
4228,-1.2
4229,-1.4
4230,-1.6
4231,-1
4232,-0.5
4233,-0.1
4234,0.4
4235,0.7
4236,1.3
4237,1.8
4238,2.3
4239,2.6
4240,2.7
4241,2.6
4242,2.2
4243,1.4
4244,1.1
4245,0.5
4246,0.1
4247,-0.4
4248,-0.5
4249,-0.9
4250,-1.3
4251,-1.6
4252,-2.1
4253,-2.2
4254,-2.3
4255,-2.3
4256,-1.3
4257,-1
4258,-0.3
4259,0.3
4260,0.4
4261,0.8
4262,1.4
4263,1.3
4264,1.2
4265,1.1
4266,1.2
4267,1.2
4268,1.6
4269,1.5
4270,1.4
4271,1.3
4272,1.2
4273,1.4
4274,0.8
4275,0.7
4276,0.6
4277,0.3
4278,0.1
4279,0.1
4280,0.9
4281,1.4
4282,2.3
4283,2.5
4284,2.7
4285,2.7
4286,2.9
4287,2.8
4288,3.1
4289,3
4290,3
4291,2.8
4292,2.2
4293,2.3
4294,2.2
4295,1.9
4296,2
4297,2
4298,2
4299,2.2
4300,2.3
4301,2.4
4302,2.2
4303,2.5
4304,2.7
4305,3
4306,3.2
4307,3.5
4308,3.7
4309,3.7
4310,3.5
4311,3.3
4312,3
4313,3.1
4314,2.8
4315,2.4
4316,2.6
4317,2.9
4318,2.3
4319,2
4320,1.9
4321,1.9
4322,2.7
4323,3.3
4324,2.7
4325,1.9
4326,2.1
4327,2.3
4328,2.5
4329,3.1
4330,3.9
4331,4.3
4332,3.7
4333,3.2
4334,2.8
4335,2.6
4336,2.6
4337,2.3
4338,2.2
4339,2.1
4340,2.1
4341,2.4
4342,2.4
4343,2.7
4344,2.9
4345,2.7
4346,2.7
4347,2.4
4348,2.5
4349,2.3
4350,2.1
4351,2.1
4352,2.6
4353,2.8
4354,3.1
4355,3
4356,1.6
4357,2.1
4358,1.8
4359,3.3
4360,3.6
4361,3.6
4362,2.9
4363,2.3
4364,1.8
4365,1.8
4366,2.3
4367,2.1
4368,1.9
4369,1.5
4370,1.4
4371,1.3
4372,1
4373,0.5
4374,0.5
4375,1.1
4376,1.6
4377,2.4
4378,3.5
4379,3.9
4380,4.8
4381,5.3
4382,5.3
4383,5.5
4384,5.1
4385,2.9
4386,2.6
4387,2.4
4388,1.9
4389,1.6
4390,1.3
4391,1.5
4392,1.6
4393,1.5
4394,1.5
4395,1.6
4396,1.6
4397,1.6
4398,1.8
4399,2
4400,2
4401,2.4
4402,2.5
4403,2.8
4404,2.9
4405,3.4
4406,3.5
4407,3.4
4408,2.7
4409,2.6
4410,2.5
4411,2.5
4412,2.2
4413,2.2
4414,2.6
4415,2.3
4416,2.3
4417,2.3
4418,2.4
4419,2.4
4420,2.3
4421,2.4
4422,2.5
4423,2.4
4424,2.5
4425,2.9
4426,3.3
4427,4.1
4428,4.8
4429,4.9
4430,4.4
4431,5.4
4432,2.8
4433,2.6
4434,3.8
4435,4.8
4436,4.8
4437,4.5
4438,4
4439,3.7
4440,3.7
4441,3.5
4442,3.3
4443,3.2
4444,2.9
4445,2.8
4446,2.7
4447,2.9
4448,3
4449,3.4
4450,3.8
4451,4.4
4452,5.4
4453,7.1
4454,4.3
4455,5.2
4456,3.4
4457,3.7
4458,4.3
4459,3.7
4460,4.8
4461,4.3
4462,3.1
4463,3
4464,1.7
4465,1.6
4466,1.5
4467,1.4
4468,1.9
4469,2.8
4470,2.3
4471,2.5
4472,3
4473,3.1
4474,3.6
4475,5.3
4476,4.5
4477,3.6
4478,3.5
4479,3.5
4480,4
4481,3.4
4482,3.7
4483,4.4
4484,3.6
4485,3.4
4486,3.2
4487,3.1
4488,3.4
4489,2.9
4490,2.8
4491,2.8
4492,3
4493,2.7
4494,2.7
4495,2.7
4496,3
4497,2.8
4498,3
4499,3.1
4500,3.1
4501,3.1
4502,3.3
4503,4.1
4504,4.1
4505,3.7
4506,3.5
4507,5
4508,3.1
4509,3.2
4510,3.4
4511,4
4512,3.2
4513,3.8
4514,3.2
4515,3.8
4516,3.4
4517,3.6
4518,3.6
4519,3.6
4520,3.5
4521,3.7
4522,3.2
4523,3.1
4524,3.7
4525,3.5
4526,4.6
4527,4.2
4528,4.4
4529,4
4530,5.1
4531,7.4
4532,7.3
4533,7.1
4534,4.6
4535,2.6
4536,2.4
4537,2.4
4538,1.6
4539,2
4540,2
4541,2.1
4542,2.1
4543,2.3
4544,1.8
4545,1.9
4546,2.3
4547,2.4
4548,1.7
4549,1.7
4550,1.8
4551,2
4552,1.6
4553,1.2
4554,0.8
4555,0.7
4556,0.4
4557,0.8
4558,1.6
4559,1.1
4560,1.2
4561,1.4
4562,1.7
4563,1.8
4564,1.9
4565,1.6
4566,1.8
4567,1.7
4568,2
4569,1.7
4570,2.2
4571,3
4572,2.8
4573,2.1
4574,1.8
4575,1.7
4576,1.7
4577,2.1
4578,2.3
4579,2.4
4580,1.7
4581,1.4
4582,1.3
4583,0.7
4584,0.5
4585,0.2
4586,-0.1
4587,-0.3
4588,-0.5
4589,-0.8
4590,-0.9
4591,-0.7
4592,-0.8
4593,-0.8
4594,-0.4
4595,-0.4
4596,-0.3
4597,0.1
4598,0.2
4599,0.2
4600,0.2
4601,0.2
4602
4603
4604,-0.1
4605,-0.2
4606,-0.7
4607,-0.9
4608,-1.2
4609,-1.3
4610,-1.2
4611,-1.6
4612,-1.9
4613,-2
4614,-1.8
4615,-1.7
4616,-0.8
4617,-0.1
4618
4619,0.5
4620,1.1
4621,1.8
4622,2.5
4623,0.9
4624,0.9
4625,0.7
4626,0.6
4627,0.7
4628,0.6
4629,0.5
4630,0.4
4631,0.4
4632
4633,-0.2
4634,-0.7
4635,-0.9
4636,-1.1
4637,-1.3
4638,-1.2
4639,-0.7
4640,0.5
4641,1
4642,2.1
4643,2.5
4644,2.6
4645,2.2
4646,2.7
4647,2.8
4648,2.6
4649,2.2
4650,2
4651,2.3
4652,3.1
4653,3.1
4654,2.8
4655,2.7
4656,2.7
4657,2.6
4658,2.5
4659,2.2
4660,2
4661,1.9
4662,2
4663,2.3
4664,3.1
4665,3.8
4666,4
4667,4.2
4668,4.2
4669,4
4670,3.9
4671,3.8
4672,4.1
4673,4.3
4674,3.6
4675,3.4
4676,3.9
4677,3.8
4678,3.6
4679,3.6
4680,3.4
4681,3.2
4682,3
4683,3.1
4684,3.1
4685,2.9
4686,2.8
4687,3.1
4688,3.6
4689,4.2
4690,5.3
4691,5.6
4692,5.8
4693,5.1
4694,5.7
4695,6
4696,5.4
4697,4.1
4698,4
4699,3.6
4700,2.8
4701,2.7
4702,2
4703,2
4704,1.8
4705,1.4
4706,1.3
4707,1
4708,0.8
4709,0.9
4710,1.1
4711,2.4
4712,3.9
4713,4.5
4714,5.3
4715,5.2
4716,5.6
4717,5.8
4718,5.5
4719,6.4
4720,5.7
4721,4.6
4722,4.8
4723,4.2
4724,4.2
4725,4.6
4726,3.4
4727,3.5
4728,3.3
4729,3.1
4730,2.8
4731,2.6
4732,2.4
4733,2.5
4734,2.9
4735,4
4736,5.2
4737,7.4
4738,6.8
4739,7.5
4740,6.4
4741,6.4
4742,7.3
4743,6.9
4744,6
4745,6.4
4746,7.1
4747,6.7
4748,6.8
4749,5.3
4750,5.6
4751,4.8
4752,4.6
4753,4.5
4754,4.1
4755,4.1
4756,3.2
4757,4
4758,4.5
4759,4.7
4760,4.5
4761,4.4
4762,4.8
4763,5.3
4764,5.7
4765,5.9
4766,5.4
4767,6
4768,5.3
4769,5.4
4770,5.1
4771,4.4
4772,4.4
4773,4.5
4774,4.4
4775,3.9
4776,3.9
4777,4.4
4778,4.1
4779,4.8
4780,5
4781,5.3
4782,4.9
4783,6.1
4784,7.4
4785,7.1
4786,7.8
4787,7
4788,6.6
4789,7
4790,7.2
4791,7.3
4792,6.1
4793,6.4
4794,6.4
4795,5.4
4796,5
4797,4.9
4798,4.8
4799,3.8
4800,3.7
4801,3.8
4802,4.4
4803,6.2
4804,6.8
4805,6.3
4806,6.4
4807,6.5
4808,8.4
4809,9.9
4810,10.7
4811,12
4812,12.7
4813,13.6
4814,9.2
4815,8.6
4816,9.7
4817,11
4818,11
4819,10.5
4820,10.7
4821,9.5
4822,8.6
4823,7.8
4824,7.4
4825,6.6
4826,6.5
4827,6
4828,5.7
4829,5.6
4830,5.7
4831,6.5
4832,7.6
4833,6.6
4834,7.8
4835,6
4836,6.5
4837,6.3
4838,8.9
4839,8.5
4840,8.5
4841,8.4
4842,7.8
4843,7.5
4844,7.2
4845,6.8
4846,6.3
4847,4.8
4848,4.7
4849,4.4
4850,4
4851,3.8
4852,3.9
4853,3.9
4854,4.1
4855,4.3
4856,4.9
4857,4.8
4858,4.6
4859,5.3
4860,4.6
4861,4.7
4862,4.5
4863,5
4864,4.8
4865,4.6
4866,4.6
4867,4.9
4868,4.5
4869,5.3
4870,4.3
4871,4.1
4872,3.7
4873,4.2
4874,4.1
4875,4.5
4876,4.5
4877,4.4
4878,5.1
4879,5.3
4880,5.4
4881,5.6
4882,6.1
4883,6.4
4884,6.3
4885,7.2
4886,7.7
4887,8
4888,8
4889,7.2
4890,7.6
4891,7.1
4892,6.3
4893,7.3
4894,5.2
4895,5.5
4896,4.9
4897,5.1
4898,5
4899,4.8
4900,4.8
4901,4.9
4902,5.6
4903,6
4904,6.7
4905,7.4
4906,7.4
4907,7.7
4908,8.7
4909,9.5
4910,10.6
4911,11.4
4912,10.2
4913,9.3
4914,9.5
4915,8.7
4916,6.8
4917,6.4
4918,6.1
4919,6.1
4920,5.4
4921,5.4
4922,5.6
4923,4.9
4924,5
4925,5.5
4926,6.1
4927,6.6
4928,6.4
4929,6.7
4930,7.5
4931,8.4
4932,7.9
4933,8
4934,8.3
4935,8.1
4936,7.9
4937,8
4938,7.9
4939,8.4
4940,8.1
4941,8
4942,8.1
4943,9.5
4944,9.3
4945,8.7
4946,7.9
4947,7.1
4948,7.8
4949,7.6
4950
4951
4952,8.1
4953,9.2
4954,7.9
4955,9
4956,8.6
4957,8.9
4958,9.4
4959,9.1
4960,11.2
4961,10.3
4962,11.4
4963,11
4964,9.7
4965,11.1
4966,12.7
4967,10.3
4968,11.5
4969,9.4
4970,8.5
4971,9.4
4972,8.3
4973,8.1
4974,7.3
4975,8
4976,7.4
4977,7.5
4978,8.1
4979,7.1
4980,7.1
4981,8.6
4982,8.6
4983,9
4984,9.3
4985,9
4986,7.6
4987,8.7
4988,10.3
4989,10.6
4990,8.9
4991,9.8
4992,9.4
4993,8.3
4994,7.5
4995,7.8
4996,7.8
4997,7.7
4998,8.5
4999,10.2
5000,11
5001,10.9
5002,12.3
5003,12.1
5004,14.1
5005,12.9
5006,12.7
5007,12.3
5008,12.4
5009,12
5010,11.5
5011,11.9
5012,11.2
5013,11
5014,10.2
5015,7.3
5016,6.5
5017,5.8
5018,5.1
5019,4.6
5020,4
5021,3.6
5022,3.3
5023,3.1
5024,3
5025,3
5026,3.5
5027,3.7
5028,4.3
5029,4.5
5030,4.9
5031,4.9
5032,4.8
5033,4.6
5034,4.7
5035,4.6
5036,4.5
5037,4.5
5038,4.4
5039,4.2
5040,4.1
5041,4.1
5042,4
5043,3.7
5044,3.2
5045,3.5
5046,4
5047,4.3
5048,4.4
5049,4.7
5050,5.1
5051,5.7
5052,5.8
5053,5.9
5054,5.9
5055,5.5
5056,5.1
5057,4.8
5058,4.8
5059,4.4
5060,4.3
5061,4
5062,4.4
5063,4
5064,4.2
5065,4.4
5066,4.7
5067,4.4
5068,4.8
5069,4.7
5070,4.6
5071,4.8
5072,5
5073,4.7
5074,4.7
5075,5.2
5076,4.9
5077,5.1
5078,5
5079,5.1
5080,5.2
5081,5.1
5082,5.1
5083,5.1
5084,4.6
5085,4.3
5086
5087
5088,5.2
5089,4.7
5090,4.7
5091,4.4
5092,4.5
5093,5
5094
5095
5096,5.7
5097,5.4
5098,5.6
5099,6.2
5100,6.7
5101,8.1
5102,7
5103,6.6
5104,8.1
5105,8.6
5106,8.3
5107,6.6
5108,5.5
5109,4.8
5110,5.2
5111,5.1
5112,5.5
5113,5.5
5114,5.7
5115,5.6
5116,5.3
5117,5.1
5118,5
5119,5.1
5120,5.4
5121,5.5
5122,5.2
5123,4.6
5124,4.5
5125,4.5
5126
5127
5128,4.1
5129,3.6
5130,3.3
5131,3.5
5132,2.4
5133,2.2
5134,2.1
5135,1.7
5136,1.7
5137,1.2
5138,1.2
5139,1.2
5140,1
5141,1
5142,0.8
5143,0.7
5144,1.2
5145,1.1
5146,1.9
5147,2.5
5148,3.6
5149,3.9
5150,4.1
5151,4.2
5152,3.8
5153,3.2
5154,2.9
5155,2.4
5156,2
5157,1.6
5158,1.6
5159,1
5160,0.6
5161,0.6
5162,0.7
5163,0.4
5164,0.6
5165,0.8
5166,1.3
5167,2.2
5168,2.3
5169,2.8
5170,3.7
5171,3.7
5172,1.8
5173,1.8
5174,2
5175,2.3
5176,2.4
5177,3.3
5178,3.3
5179,2.1
5180,2.4
5181,2.8
5182,3.3
5183,3.4
5184,3.3
5185,2.8
5186,1.9
5187,1.6
5188,1.8
5189,3
5190,3.6
5191,3.9
5192,3.7
5193,4.2
5194,4.6
5195,5.1
5196,5.6
5197,5.9
5198,6.2
5199,6.4
5200,5.8
5201,5.1
5202,4.8
5203,4.6
5204,4.4
5205,4.2
5206,4.2
5207,4.1
5208,4
5209,4.2
5210,4.2
5211,4
5212,4
5213,4.1
5214,4.4
5215,4.8
5216,4.8
5217,5.3
5218,6.6
5219,6.6
5220,6.8
5221,6.7
5222,6
5223,6.3
5224,6.5
5225,6.6
5226,5.9
5227,6.1
5228,5.6
5229,5.7
5230,6.2
5231,6
5232,5.7
5233,5.2
5234,5.1
5235,5
5236,5
5237,5
5238,5.1
5239,5.2
5240,5.4
5241,5.3
5242,6.2
5243,6.2
5244,5.3
5245,6.1
5246,6.3
5247,6
5248,6.3
5249,6.2
5250,6
5251,5.4
5252,5
5253,4.8
5254,4.8
5255,5
5256,4.9
5257,4.7
5258,4.7
5259,4.5
5260,4.8
5261,4.7
5262,5
5263,5.4
5264,5.7
5265,6.2
5266,6.5
5267,6.7
5268,7
5269,7
5270,7.2
5271,7.9
5272,7
5273,6
5274,5.7
5275,5.3
5276,5.3
5277,5.2
5278,5.1
5279,5
5280,5
5281,4.9
5282,4.9
5283,5.1
5284,5.4
5285,6
5286,6.1
5287,6.3
5288,6.7
5289,6.7
5290,6.6
5291,6.7
5292,7
5293,7
5294,7.4
5295,7.7
5296,7.9
5297,8.1
5298,8.6
5299,8.3
5300,7.9
5301,7.6
5302,7.8
5303,7.8
5304,6.8
5305,6.6
5306,6.8
5307,7.5
5308,6.9
5309,6.6
5310,6.4
5311,6.3
5312,6.3
5313,6.1
5314,6.1
5315,6.6
5316,6.4
5317,6.3
5318,6.2
5319,6.3
5320,6.6
5321,6.1
5322,6.2
5323,5.9
5324,5.8
5325,5.8
5326,5.9
5327,5.9
5328,5.6
5329,5.7
5330,6
5331,6.5
5332,7
5333,6.9
5334,6.3
5335,6.2
5336,6.6
5337,7.1
5338,7.8
5339,7.8
5340,7.3
5341,6.9
5342,7.3
5343,7.7
5344,8.6
5345,8.6
5346,8.3
5347,8.5
5348,8.8
5349,8.3
5350,8.2
5351,7.5
5352,7.6
5353,7.3
5354,6.5
5355,5.8
5356,5.1
5357,4.8
5358,4.7
5359,4.7
5360,5.3
5361,5.6
5362,6.4
5363,7.6
5364,7.8
5365,8.2
5366,7.9
5367,8.1
5368,7.7
5369,7.2
5370,6.3
5371,5.4
5372,5.8
5373,6.3
5374,6.5
5375,6.5
5376,6.6
5377,5.8
5378,5.9
5379,5.9
5380,5.6
5381,5.2
5382,5
5383,5.7
5384,6.3
5385,6.9
5386,7.9
5387,9.3
5388,7.8
5389,7.2
5390,7.5
5391,10.7
5392,10.4
5393,9.9
5394,9.4
5395,9.1
5396,9.2
5397,8.6
5398,8.4
5399,8.1
5400,7.8
5401,7.5
5402,7.1
5403,6.9
5404,6.7
5405,6.6
5406,6.7
5407,6.9
5408,7.2
5409,8.2
5410,9.6
5411,10.6
5412,8.1
5413,8.3
5414,8
5415,7.8
5416,7.9
5417,7.7
5418,7.9
5419,7.7
5420,7
5421,6.9
5422,6.7
5423,7.8
5424,7.7
5425,7
5426,6.5
5427,6.1
5428,6
5429,7.7
5430,7.9
5431,8
5432,8.4
5433,9
5434,9.1
5435,9.2
5436,9.2
5437,8.3
5438,9
5439,8.7
5440,9.3
5441,8.8
5442,8.9
5443,8.7
5444,8.5
5445,8.8
5446,8.4
5447,8.1
5448,8.1
5449,7.7
5450,7.6
5451,7.1
5452,7.1
5453,7.3
5454,8.1
5455,9.3
5456,11
5457,9.6
5458,9.4
5459,10.1
5460,10.8
5461,11.4
5462,11.5
5463,11.3
5464,11.3
5465,10.8
5466,10.9
5467,10.8
5468,10.2
5469,10.3
5470,10.9
5471,10.4
5472,9.6
5473,9.3
5474,9.3
5475,9.5
5476,9
5477,9.8
5478,10.9
5479,10.9
5480,10.8
5481,12.7
5482,11.9
5483,12.6
5484,12.5
5485,13.6
5486,13.4
5487,13.9
5488,14.1
5489,12.5
5490,13.1
5491,13.6
5492,12.5
5493,12.7
5494,12.2
5495,11.7
5496,11.5
5497,11
5498,10.3
5499,10.3
5500,10.4
5501,11.2
5502,11.9
5503,12.2
5504,13.1
5505,12.5
5506,13
5507,13.1
5508,13.4
5509,13.6
5510,13.6
5511,13.1
5512,13.3
5513,13
5514,13.5
5515,13.1
5516,13.7
5517,12.5
5518,12.7
5519,12.7
5520,12.1
5521,12.7
5522,12.6
5523,12.2
5524,12.5
5525,12
5526,11.9
5527,11.7
5528,12
5529,12.2
5530,12.6
5531,12.8
5532,12.4
5533,12.4
5534,12.4
5535,12.5
5536,12.5
5537,12.2
5538,12
5539,12.1
5540,12.7
5541,12.1
5542,11.9
5543,13
5544,12.4
5545,12.8
5546,12.3
5547,11.9
5548,11.5
5549,11.2
5550,11.2
5551,10.9
5552,11.1
5553,11.1
5554,11.4
5555,11.5
5556,11.8
5557,12.1
5558,12.8
5559,13.5
5560,12.8
5561,14.1
5562,16.6
5563,14.6
5564,14.7
5565,13.4
5566,13.5
5567,13.6
5568,15.2
5569,13.2
5570,12.1
5571,13.1
5572,12.7
5573,12.6
5574,11.5
5575,13.2
5576,13
5577,12.9
5578,13.3
5579,13.6
5580,13.4
5581,14.1
5582,14.4
5583,14.6
5584,14.6
5585,13.5
5586,14.2
5587,14.6
5588,12.9
5589,13.9
5590,15.2
5591,16
5592,14.9
5593,14.1
5594,12.7
5595,13.5
5596,12.6
5597,12.8
5598,12.7
5599,13.9
5600,13.3
5601
5602
5603,13.5
5604,14
5605,14.8
5606,13.7
5607,14.7
5608,14.9
5609,15.2
5610,14.3
5611,13.7
5612,13.3
5613,12.9
5614,13
5615,13.2
5616
5617
5618,14.3
5619,14.2
5620,14
5621,14
5622,13.3
5623,13.2
5624,12.3
5625,11.1
5626,10.4
5627,10.4
5628,1
5629,9.6
5630,9.5
5631,9.1
5632,9.3
5633,9
5634,9
5635,9
5636,9
5637,9.1
5638,8.9
5639,9.1
5640,9.1
5641,9.1
5642,8.9
5643,8.8
5644,8.5
5645,8.5
5646,8.3
5647,8.1
5648,8
5649,8
5650,8.1
5651,8.3
5652,8.5
5653,8.5
5654,8.5
5655,9
5656,8.8
5657,9
5658,8.8
5659,8.6
5660,8.5
5661,8.4
5662,8.1
5663,8
5664,8.2
5665,8.4
5666,8
5667,7.5
5668,7.5
5669,7.9
5670,8.8
5671,9.2
5672,1
5673,9.8
5674,10.3
5675,10.2
5676,10.4
5677,10.2
5678,10.4
5679,10.1
5680,9.6
5681,9.3
5682,8.7
5683,9.5
5684,10.7
5685,11.2
5686,11
5687,10.9
5688,10.7
5689,1
5690,9.4
5691,8.8
5692,8.2
5693,8.2
5694,8.9
5695,9.2
5696,8.3
5697,8.2
5698,8.9
5699,8.9
5700,9.2
5701,9
5702,9
5703,9
5704,9
5705,8.3
5706,8.3
5707,8.8
5708,9.2
5709,9.3
5710,9.4
5711,8.8
5712,9.2
5713,9.4
5714,9.4
5715,9.4
5716,9.2
5717,9.2
5718,9.3
5719,9.6
5720,9.8
5721,9.6
5722,9.6
5723,9.6
5724,9.5
5725,9.4
5726,9.9
5727,11
5728,10.7
5729,9.9
5730,9.8
5731,9.4
5732,9.6
5733,9
5734,9
5735,9.2
5736,9.1
5737,9.1
5738,9.1
5739,9.3
5740,9
5741,9.3
5742,9.6
5743,8.4
5744,9.1
5745,10.5
5746,11
5747,12.2
5748,11.2
5749,11.7
5750,11.8
5751,12
5752,11.6
5753,11.3
5754,10.5
5755,10.5
5756,10.3
5757,10.9
5758,10.8
5759,10.9
5760,11
5761,10.7
5762,10.7
5763,10.8
5764,10.9
5765,10.9
5766,11.2
5767,11.6
5768,12.1
5769,12.1
5770,12.1
5771,11.9
5772,11.6
5773,10.7
5774,11
5775,11
5776,10.8
5777,10.5
5778,10.9
5779,12.1
5780,11.5
5781,10.8
5782,10.3
5783,9.8
5784,9.4
5785,9.2
5786,9.3
5787,9.5
5788,9.8
5789,9.9
5790,9.8
5791,9.8
5792,10.1
5793,10.4
5794,11
5795,11.5
5796,12.3
5797,13
5798,13.3
5799,13.6
5800,13
5801,12.3
5802,12.2
5803,11.9
5804,10.9
5805,10.6
5806,11.2
5807,11.1
5808,10.3
5809,10.3
5810,10.1
5811,9.8
5812,9.1
5813,8.8
5814,8.8
5815,9.4
5816,9.6
5817,10.2
5818,11.2
5819,11
5820,10.6
5821,10.8
5822,10.4
5823,10.5
5824,10.5
5825,10.2
5826,10.4
5827,11.2
5828,9.8
5829,9.5
5830,9.2
5831,8.9
5832,9
5833,9
5834,8.8
5835,8.7
5836,9.1
5837,9.2
5838,9.5
5839,9.8
5840,1
5841,10.4
5842,10.7
5843,11.1
5844,11.8
5845,12.3
5846,11.9
5847,10.9
5848,10.9
5849,10.6
5850,10.3
5851,1
5852,10.1
5853,10.2
5854,9.9
5855,10.2
5856,10.2
5857,10.4
5858,10.4
5859,9.9
5860,9.6
5861,9.9
5862,9.7
5863,9.5
5864,10.1
5865,10.9
5866,11
5867,11.4
5868,11.8
5869,12.5
5870,13.7
5871,10.9
5872,10.7
5873,11.1
5874,11.3
5875,14.2
5876,13.3
5877,12.6
5878,11.7
5879,11.1
5880,10.3
5881,1
5882,9.4
5883,9.5
5884,9.6
5885,10.5
5886,11
5887,10.4
5888,10.8
5889,11.4
5890,11.1
5891,11.4
5892,13
5893,13
5894,12.3
5895,12.1
5896,11.9
5897,11.7
5898,11.3
5899,11.1
5900,11.2
5901,11.1
5902,11.2
5903,11.9
5904,12.2
5905,11.9
5906,12
5907,12.4
5908,12
5909
5910
5911,11.7
5912,11.7
5913,12
5914,13.2
5915,14
5916,15
5917,15.4
5918,16.5
5919,16.1
5920,13.4
5921,12.9
5922,12.4
5923,12
5924,11.9
5925,11.9
5926,11.7
5927,12.2
5928,11.5
5929,11.5
5930,11.9
5931
5932
5933,11.9
5934,12.9
5935,13.4
5936,14.5
5937,14.4
5938
5939
5940,17.8
5941,17.6
5942,17.4
5943,16.4
5944
5945,16.1
5946
5947
5948
5949,16
5950
5951
5952,14.9
5953
5954
5955
5956
5957
5958
5959
5960
5961
5962
5963
5964
5965,16.3
5966,16.6
5967
5968,16.9
5969
5970
5971
5972
5973
5974
5975
5976
5977
5978,15.8
5979,15.7
5980,15.4
5981,15.3
5982,15.6
5983
5984,15.3
5985
5986,15.6
5987
5988
5989
5990,17.1
5991
5992
5993,19.7
5994
5995,16
5996
5997
5998
5999
6000
6001
6002
6003
6004
6005
6006
6007
6008
6009
6010
6011
6012
6013
6014
6015
6016
6017
6018
6019
6020
6021
6022
6023
6024
6025
6026
6027
6028
6029
6030
6031
6032
6033
6034
6035
6036
6037
6038
6039,15.1
6040,14.8
6041,14.9
6042
6043,15.4
6044
6045
6046
6047,13.6
6048,13.6
6049,13.2
6050,13.2
6051,13
6052,12.9
6053
6054
6055,13.4
6056,13.5
6057,13.7
6058,13.9
6059
6060
6061,14.2
6062,14.6
6063,14.2
6064,14.4
6065,14.2
6066,13.7
6067,13.5
6068,13.5
6069,13.3
6070,13.4
6071,13.4
6072,12.1
6073,12.3
6074,11.9
6075,12
6076
6077
6078,12.8
6079,13.5
6080,14.4
6081,14.3
6082,15.1
6083,16.6
6084,16.5
6085,16.3
6086,16.8
6087,16.4
6088,15.8
6089,15.7
6090,15.1
6091,15
6092,15.1
6093,15.2
6094,15.3
6095,16.3
6096,15.6
6097,14.7
6098,13.7
6099,12.9
6100,12.6
6101,12.8
6102,12.8
6103,13.6
6104,13.6
6105,13.6
6106,13.5
6107,14.3
6108,14
6109,13.7
6110,14.2
6111,13.6
6112,13.3
6113,13.2
6114,12.9
6115,12.6
6116,12.7
6117,12.5
6118,12.4
6119,12.1
6120,11.9
6121,11.8
6122,12
6123,11.9
6124,11.8
6125,12
6126,11.7
6127,11.7
6128,11.7
6129,11.8
6130,12.1
6131,12.2
6132,12.4
6133,12.3
6134,12.6
6135,12.7
6136,13.3
6137,12.8
6138,13.3
6139,12.8
6140,12.8
6141,12.8
6142,12.5
6143,12.4
6144,12.7
6145,12.6
6146,12.2
6147,12.4
6148,12.6
6149,12.8
6150,12.7
6151,12.7
6152,12.5
6153,12.4
6154,12.2
6155,12.4
6156,12.1
6157,12.1
6158,12
6159,12
6160,11.7
6161,12
6162,12
6163,12
6164,12.2
6165,12.6
6166,12.7
6167,12.5
6168,12.9
6169,12.9
6170,12.9
6171,12.9
6172,12.8
6173,12.8
6174,13
6175,13.5
6176,14.6
6177,13.9
6178,11.8
6179,12
6180,12
6181,12.8
6182,12.5
6183,13.2
6184,13.5
6185,14.8
6186,14.1
6187,13.8
6188,12.9
6189,15.3
6190,13.5
6191,13.5
6192,12.9
6193,13.2
6194,13.2
6195,13
6196,13
6197,13.7
6198,14.5
6199,14.9
6200,15.3
6201,15
6202,15
6203,15.1
6204,15.1
6205,15.5
6206,15.8
6207,15.4
6208,15.5
6209,16.3
6210,14.9
6211,14.9
6212,14.7
6213,14.7
6214,15.4
6215,14.9
6216,15.4
6217,15
6218,14.5
6219,13.7
6220,14.1
6221,15.4
6222,14
6223,14.6
6224,14.3
6225,14.6
6226,15.3
6227,15.5
6228,15.4
6229,14.9
6230,14.6
6231,15.1
6232,14.9
6233,14.5
6234,14.3
6235,14.2
6236,13.9
6237,13.4
6238,13.2
6239,13.2
6240,13
6241,12.8
6242,12.9
6243,13.6
6244,13.5
6245,14.2
6246,14.9
6247,15.6
6248,14.8
6249,15
6250,15
6251,14.8
6252,14.7
6253,14.5
6254,14.6
6255,14.8
6256,14.4
6257,14
6258,13.9
6259,14
6260,13.6
6261,13.3
6262,13
6263,13.1
6264,12.9
6265,12.8
6266,12.9
6267,13
6268,13.1
6269,13.4
6270,14
6271,14.4
6272,14.7
6273,15
6274,15.7
6275,15.9
6276,16.8
6277,16.5
6278,17.2
6279,17.1
6280,16.7
6281,16
6282,15.6
6283,15.8
6284,16
6285,14.6
6286,14.1
6287,14.5
6288,14.1
6289,13.6
6290,14.2
6291,13.9
6292,13.9
6293,14
6294,14.4
6295,15.3
6296,16.9
6297,16.9
6298,17.2
6299,16.6
6300,16
6301,16.7
6302,16.6
6303,16.3
6304,16.1
6305,16.3
6306,15.6
6307,15.9
6308,17.4
6309,16.1
6310,16.5
6311,17.2
6312,16.6
6313,15.5
6314,15.8
6315,15.4
6316,15.2
6317,15.1
6318,15.7
6319,16.4
6320,18
6321,17.6
6322,18
6323,18.6
6324,18.4
6325,18.4
6326,17.3
6327,17.2
6328,17
6329,16.8
6330,15.5
6331,15
6332,14.6
6333,14.4
6334,14.2
6335,14.1
6336,14
6337,14
6338,13.8
6339,14
6340,14.3
6341,14.5
6342,14.7
6343,16.1
6344,14.7
6345,14.7
6346,15.4
6347,15.2
6348,15.1
6349,15
6350,14.1
6351,14.4
6352,14.5
6353,17.1
6354,16.9
6355,16.3
6356,15.7
6357,13.8
6358,12.8
6359,12.9
6360,12.8
6361,12.8
6362,12.6
6363,12.8
6364,13.8
6365,14.3
6366,14.8
6367,14.4
6368,14.7
6369,14.7
6370,15.1
6371,15.4
6372,15.9
6373,16.2
6374,16.2
6375,15.8
6376,15.5
6377,15
6378,14.5
6379,14.1
6380,13.9
6381,13.6
6382,13.6
6383,14.4
6384,14.1
6385,15.3
6386,14.9
6387,15
6388,14.4
6389,15.7
6390,15.9
6391,16.4
6392,17.5
6393,16.2
6394,16.2
6395,16.3
6396,16.9
6397,16.3
6398,16.1
6399,16
6400,19.8
6401,19.4
6402,19.3
6403,18.2
6404,17.4
6405,16.5
6406,15.7
6407,15.4
6408,15
6409,14.4
6410,13.9
6411,13.4
6412,13.7
6413,13.7
6414,15
6415,15.5
6416,15.9
6417,15.2
6418,15.7
6419,15.4
6420,15.5
6421,15.7
6422,15.7
6423,16.1
6424,16
6425,15.6
6426,15.5
6427,15.4
6428,14.8
6429,15.6
6430,14.9
6431,14.1
6432,14.1
6433,14
6434,13.9
6435,13.8
6436,13.7
6437,13.6
6438,13.5
6439,13.4
6440,13.7
6441,14.7
6442,14.5
6443,14.6
6444,15.2
6445,15.5
6446,16.3
6447,16.1
6448,15.6
6449,14.7
6450,14.8
6451,14.5
6452,14.3
6453,14.2
6454,14.1
6455,13.9
6456,13.8
6457,13.6
6458,13.6
6459,13.5
6460,13.4
6461,13.6
6462,13.5
6463,13.6
6464,14
6465,14.2
6466,14.5
6467,14.5
6468,15.3
6469,16.5
6470,17
6471,17.4
6472,18.2
6473,17.8
6474,17.9
6475,16.4
6476,15.9
6477,15.1
6478,14.5
6479,14.2
6480,13.7
6481,13.2
6482,12.7
6483,12.6
6484,12.9
6485,13.6
6486,14.5
6487,15.2
6488,16.2
6489,16.7
6490,17.2
6491,18.1
6492,17.9
6493,18.3
6494,18.7
6495,19.7
6496,17.8
6497,17.7
6498,17.6
6499,17
6500,15.6
6501,14.7
6502,13.8
6503,13.2
6504,12.7
6505,12.2
6506,11.8
6507,11.6
6508,11.9
6509,12.1
6510,12.3
6511,13.4
6512,13.8
6513,14.6
6514,15.1
6515,15.4
6516,15.3
6517,15.3
6518,15.6
6519,15.4
6520,15.7
6521,17.4
6522,17.9
6523,17.3
6524,16.6
6525,16
6526,14.9
6527,14.9
6528,14.4
6529,14
6530,13.7
6531,13.6
6532,13.8
6533,13.9
6534,14.2
6535,14.6
6536,15
6537,16
6538,16
6539,17
6540,16.4
6541,15.9
6542,16.6
6543,17
6544,16.9
6545,16.9
6546,16
6547,15.9
6548,16.1
6549,16.3
6550,16.4
6551,15.7
6552,15.9
6553,15.4
6554,15
6555,14.9
6556,15.2
6557,15.8
6558,15.8
6559,16
6560,16.2
6561,16.3
6562,15.9
6563,15.8
6564,15.8
6565,15.6
6566,15.3
6567,15.1
6568,14.7
6569,14.2
6570,13.9
6571,13.5
6572,13.1
6573,12.9
6574,12.8
6575,12.8
6576,12.2
6577,12.2
6578,12.2
6579,12.5
6580,12.5
6581,12.6
6582,12.7
6583,12.9
6584,13.4
6585,14.6
6586,13.5
6587,14.1
6588,12.9
6589,13.9
6590,14
6591,14.6
6592,13
6593,14.5
6594,14.7
6595,13.2
6596,13.7
6597,13.3
6598,13
6599,12.7
6600,12.4
6601,12.5
6602,12.3
6603,12.3
6604,11.9
6605,11.7
6606,11.7
6607,12
6608,13.1
6609,13.6
6610,15
6611,15.6
6612,15.4
6613,15.9
6614,16.7
6615,15.6
6616,15.5
6617,15
6618,14.4
6619,14
6620,13.4
6621,13
6622,12.1
6623,11.3
6624,10.9
6625,10.5
6626,10.1
6627,9.6
6628,9.8
6629,10.5
6630,11.5
6631,12.8
6632,13.9
6633,13.5
6634,13.7
6635,13.5
6636,13.8
6637,13.9
6638,13.8
6639,14.1
6640,13.3
6641,12.7
6642,12.8
6643,12.5
6644,12.3
6645,12.5
6646,12.6
6647,12.5
6648,12.3
6649,11.8
6650,11
6651,11.3
6652,11.5
6653,11.8
6654,11.7
6655,12.1
6656,12.9
6657,13
6658,13.1
6659,12.6
6660,13
6661,13.3
6662,13.2
6663,12.4
6664,12.1
6665,12
6666,11.8
6667,11.3
6668,11.3
6669,10.3
6670,10.3
6671,10.8
6672,11.4
6673,11.6
6674,11.7
6675,11.5
6676,11.5
6677,11.8
6678,12.2
6679,12.4
6680,13.3
6681,13.1
6682,13.5
6683,15.7
6684,15.3
6685,13.6
6686,12.1
6687,13.2
6688,12.9
6689,13.4
6690,13.1
6691,13.5
6692,12.7
6693,12.3
6694,12.5
6695,12.4
6696,11.8
6697,11
6698,11.6
6699,10.8
6700,11.1
6701,11.3
6702,11.5
6703,12.6
6704,12.8
6705,13.2
6706,13.9
6707,13.5
6708,13.8
6709,14.9
6710,15.5
6711,15.1
6712,15.1
6713,14.6
6714,14.9
6715,14.4
6716,14.4
6717,14.5
6718,13.4
6719,13.2
6720,13
6721,13
6722,12.8
6723,12.7
6724,12.8
6725,13.1
6726,13.1
6727,13.3
6728,13.9
6729,14
6730,14.2
6731,14.8
6732,15.7
6733,15.9
6734,15.9
6735,16.7
6736,17
6737,16.7
6738,13.5
6739,13.8
6740,14.2
6741,13.8
6742,13.1
6743,12.6
6744,12.1
6745,11.9
6746,12
6747,11.9
6748,11.7
6749,11.8
6750,11.8
6751,12
6752,12.4
6753,12.4
6754,12.7
6755,13.3
6756,14.1
6757,13.2
6758,13.7
6759,13.8
6760,13.6
6761,13.6
6762,13.8
6763,13.5
6764,13.4
6765,13.4
6766,13.3
6767,13.1
6768,13
6769,12.7
6770,12.6
6771,12.7
6772,12.6
6773,12.7
6774,12.8
6775,14
6776,14.9
6777,15.7
6778,16.6
6779,17.2
6780,17.2
6781,17.4
6782,18
6783,16.9
6784,17
6785,16.6
6786,16.3
6787,16.1
6788,15.7
6789,16.5
6790,15.5
6791,14.8
6792,14.3
6793,14.6
6794,14.2
6795,13.7
6796,13.3
6797,13.2
6798,13.5
6799,13.4
6800,13.1
6801,13.2
6802,12.8
6803,12.8
6804,12.9
6805,13.5
6806,12.8
6807,13.3
6808,13.4
6809,13.4
6810,12.3
6811,12.1
6812,12.7
6813,12.6
6814,12.5
6815,12.2
6816,11.9
6817,11.7
6818,11.6
6819,11.5
6820,11.5
6821,12.2
6822,13.3
6823,14.1
6824,15
6825,15.2
6826,15.2
6827,16.8
6828,16
6829,15.6
6830,15.5
6831,16.1
6832,15.9
6833,15.6
6834,15.9
6835,15.4
6836,14.7
6837,14.5
6838,14.5
6839,14.1
6840,13.9
6841,14
6842,13.6
6843,14
6844,13.9
6845,14
6846,14.9
6847,15.6
6848,16.1
6849,17.3
6850,17.9
6851,17.7
6852,17.6
6853,17.2
6854,17.9
6855,17.5
6856,16.8
6857,16.5
6858,15.4
6859,15.1
6860,14.9
6861,14.7
6862,14.4
6863,14.4
6864,13.8
6865,13.7
6866,13
6867,12.3
6868,12.2
6869,12.8
6870,13.5
6871,13.9
6872,14.3
6873,14.8
6874,15.8
6875,16.4
6876,16.7
6877,16.4
6878,15.6
6879,16.1
6880,16.4
6881,15.8
6882,15.5
6883,15.6
6884,15.4
6885,15.1
6886,15
6887,14.9
6888,14.3
6889,14.7
6890,14.7
6891,14.6
6892,14.6
6893,14.8
6894,15.8
6895,15.7
6896,16
6897,16.8
6898,17.3
6899,17.7
6900,16.6
6901,17.1
6902,17.7
6903,17.8
6904,17.6
6905,17.2
6906,16.7
6907,16.5
6908,16.4
6909,16.5
6910,16.4
6911,16.4
6912,16.1
6913,15.6
6914,15.5
6915,15.6
6916,15.4
6917,15
6918,15
6919,15.1
6920,15.5
6921,15.4
6922,16
6923,16.1
6924,16.9
6925,16.7
6926,15.8
6927,15.6
6928,15.4
6929,15.8
6930,16.2
6931,15.6
6932,15.3
6933,14.9
6934,15.2
6935,15
6936,15.2
6937,15.2
6938,15
6939,14
6940,14.4
6941,14.8
6942,15.2
6943,16.1
6944,17.1
6945,17
6946,17.5
6947,18.3
6948,19
6949,19.2
6950,17.8
6951,17.5
6952,17.8
6953,18
6954,18
6955,17.5
6956,17.1
6957,16.9
6958,16.8
6959,16.3
6960,16
6961,15.5
6962,15.2
6963,14.7
6964,14.8
6965,15.6
6966,16.1
6967,16.7
6968,17.7
6969,19.1
6970,19.6
6971,20.5
6972,21.1
6973,21.6
6974,22
6975,21.5
6976,21.3
6977,21.3
6978,21.2
6979,20.4
6980,19.7
6981,18.7
6982,18.4
6983,18
6984,17.4
6985,17
6986,16.5
6987,16.1
6988,16.1
6989,16.4
6990,17.2
6991,18
6992,18.9
6993,19.4
6994,20.2
6995,20.8
6996,21.2
6997,21.6
6998,21.7
6999,21.5
7000,22.1
7001,19.4
7002,18.6
7003,18.6
7004,18.2
7005,17.6
7006,17.4
7007,16.9
7008,16.8
7009,16.7
7010,16.3
7011,15.7
7012,16.1
7013,16.8
7014,17.2
7015,18.9
7016,20.1
7017,21.2
7018,21.3
7019,20.8
7020,20.7
7021,19.9
7022,20.2
7023,20.2
7024,19.8
7025,19.6
7026,19.2
7027,18.6
7028,18.1
7029,17.7
7030,17.6
7031,17.1
7032,16.8
7033,16.8
7034,16.8
7035,16.6
7036,17.4
7037,17.5
7038,18.7
7039,18.8
7040,19.5
7041,2
7042,21.1
7043,20.9
7044,21.6
7045,21.1
7046,21.7
7047,22.2
7048,21.1
7049,20.7
7050,20.4
7051,20.1
7052,19.7
7053,19.5
7054,19.6
7055,18.9
7056,18.9
7057,18.8
7058,18.6
7059,18.7
7060,18.8
7061,19.4
7062,19.6
7063,20.1
7064,2
7065,20.5
7066,20.8
7067,19.9
7068,19.3
7069,19.5
7070,19.7
7071,19.5
7072,19.2
7073,19.4
7074,19.2
7075,19.1
7076,19.2
7077,19
7078,18.9
7079,18.7
7080,18.5
7081,18.5
7082,18.1
7083,18.3
7084,18.7
7085,18.7
7086,19.1
7087,21
7088,21.1
7089,22
7090,23.1
7091,22.9
7092,23.5
7093,23.1
7094,23.3
7095,23
7096,22.2
7097,22.1
7098,21.6
7099,20.9
7100,20.8
7101,20.4
7102,19.8
7103,19.9
7104,19.4
7105,19.1
7106,18.7
7107,18.5
7108,18.5
7109,19.1
7110,19.3
7111,20.5
7112,21.8
7113,22.8
7114,25
7115,24.2
7116,23.9
7117,23.5
7118,22.6
7119,23
7120,23.2
7121,22.7
7122,25
7123,23.9
7124,23.7
7125,22.1
7126,21.6
7127,21.6
7128,21
7129,20.5
7130,19.9
7131,19.5
7132,19
7133,19
7134,19.6
7135,20.2
7136,20.6
7137,20.4
7138,2
7139,19.9
7140,20.4
7141,20.9
7142,21.1
7143,21.8
7144,21.7
7145,22.1
7146,21.7
7147,20.9
7148,20.2
7149,20.1
7150,19.8
7151,2
7152,19.5
7153,19
7154,19.1
7155,18.9
7156,19.2
7157,19.3
7158,19.7
7159,19.9
7160,20.2
7161,20.3
7162,20.5
7163,21.1
7164,20.7
7165,21
7166,21.2
7167,21.4
7168,23.1
7169,21.6
7170,21.6
7171,21.9
7172,22
7173,21.6
7174,21.7
7175,21.6
7176,21
7177,20.4
7178,20.9
7179,20.3
7180,20.6
7181,21.6
7182,21.6
7183,22.2
7184,23.5
7185,24
7186,24.3
7187,25.1
7188,25.3
7189,25.3
7190,25.3
7191,25.9
7192,25.5
7193,25.5
7194,24.8
7195,24.2
7196,24
7197,23.5
7198,23
7199,23
7200,22.1
7201,22.1
7202,21.8
7203,21.9
7204,22.1
7205,22.6
7206,23.2
7207,24.7
7208,26.4
7209,26.2
7210,27.5
7211,26.7
7212,26.9
7213,26.7
7214,26.2
7215,27
7216,24.9
7217,22.7
7218,21.5
7219,21.1
7220,20.7
7221,20.3
7222,19.8
7223,19.4
7224,18.9
7225,18.2
7226,17.9
7227,17.4
7228,17.1
7229,16.7
7230,16.4
7231,16.5
7232,16.7
7233,17.6
7234,18.1
7235,18.4
7236,18
7237,18.2
7238,18.4
7239,17.7
7240,17.2
7241,17.9
7242,17.9
7243,18
7244,17.9
7245,18
7246,18.1
7247,18
7248,16.6
7249,16.1
7250,15.4
7251,14.9
7252,14
7253,12.9
7254,12.3
7255,13.1
7256,13.7
7257,14.6
7258,14.8
7259,15.7
7260,15.6
7261,15.6
7262,15.4
7263,14.9
7264,15
7265,15.2
7266,15.1
7267,15
7268,14.7
7269,14
7270,14
7271,13.6
7272,13.2
7273,12.6
7274,12.3
7275,12.3
7276,12.2
7277,12.7
7278,12.9
7279,13.6
7280,14.3
7281,15.5
7282,16.4
7283,17.5
7284,18.6
7285,20.2
7286,19.1
7287,20.1
7288,18
7289,17.4
7290,17.8
7291,17.1
7292,16.3
7293,15.9
7294,15.8
7295,15.8
7296,15.7
7297,15.2
7298,14.1
7299,13.5
7300,12.7
7301,12.9
7302,13.2
7303,14
7304,14.3
7305,14.9
7306,16
7307,16.9
7308,17.5
7309,17.9
7310,17.9
7311,17
7312,17.4
7313,17
7314,16.1
7315,15.9
7316,15.2
7317,14.9
7318,14.6
7319,14.7
7320,14.6
7321,14.4
7322,14.2
7323,13.9
7324,14
7325,14.2
7326,14.2
7327,15.2
7328,16.5
7329,18
7330,19.1
7331,19.2
7332,19.1
7333,19.1
7334,18.5
7335,18.9
7336,18.6
7337,18
7338,17.3
7339,16.2
7340,15.6
7341,15.5
7342,15
7343,14.5
7344,14.2
7345,13.1
7346,12.8
7347,12.4
7348,12
7349,12.1
7350,12.2
7351,12.8
7352,13.8
7353,14.8
7354,14.4
7355,15.3
7356,15.3
7357,15.7
7358,16.1
7359,16.5
7360,16.3
7361,15.7
7362,15.4
7363,15.2
7364,14.7
7365,14.1
7366,13.5
7367,13.3
7368,12.5
7369,12.1
7370,11.5
7371,11.1
7372,11
7373,11.1
7374,11.7
7375,12.2
7376,12.5
7377,14.1
7378,14
7379,14.3
7380,15.9
7381,17.4
7382,17
7383,17.7
7384,17.4
7385,17.6
7386,17.4
7387,16.9
7388,16.3
7389,16
7390,15.7
7391,14.4
7392,13.7
7393,13.7
7394,13.1
7395,12.2
7396,12.1
7397,11.6
7398,11.5
7399,13.1
7400,15.1
7401,16.9
7402,18.2
7403,19.2
7404,2
7405,20.7
7406,20.8
7407,21
7408,20.9
7409,21
7410,20.5
7411,2
7412,19
7413,18.2
7414,17.6
7415,16.7
7416,16
7417,15.5
7418,15.2
7419,15.3
7420,15.1
7421,15.2
7422,15.7
7423,16.7
7424,17.8
7425,18.2
7426,17.7
7427,17.7
7428,17.1
7429,17
7430,17.2
7431,17.1
7432,17.8
7433,17.5
7434,17.4
7435,17.1
7436,16.7
7437,17.1
7438,17.1
7439,16.8
7440,17.2
7441,16.8
7442,16.5
7443,15.9
7444,16.1
7445,16.5
7446,16.5
7447,16.7
7448,16.9
7449,17.6
7450,17.1
7451,17.7
7452,18.8
7453,17.2
7454,17.8
7455,17.7
7456,17.3
7457,17.2
7458,17.1
7459,17.1
7460,17.1
7461,16.9
7462,16.7
7463,16.5
7464,16.1
7465,16.1
7466,16.1
7467,16.3
7468,16.7
7469,17
7470,17.6
7471,17.5
7472,17.5
7473,18
7474,18.6
7475,19.4
7476,19.2
7477,18.6
7478,19.1
7479,18.6
7480,18.4
7481,18.2
7482,18.1
7483,18.1
7484,17.9
7485,18
7486,17.7
7487,17.5
7488,17.1
7489,16.9
7490,16.6
7491,16.4
7492,15.9
7493,15.5
7494,16
7495,16.6
7496,16.9
7497,17.7
7498,18.1
7499,18.8
7500,20.9
7501,19.9
7502,20.3
7503,20.1
7504,18.9
7505,18.8
7506,18.7
7507,19
7508,18.3
7509,18
7510,17.9
7511,17.3
7512,17.2
7513,17.2
7514,16.7
7515,16.8
7516,17.1
7517,18
7518,18.4
7519,18.5
7520,18.8
7521,18.9
7522,19.5
7523,20.7
7524,19.2
7525,18.4
7526,20.2
7527,19.6
7528,19.2
7529,19
7530,19
7531,19.1
7532,19
7533,19
7534,19
7535,19.1
7536,18.8
7537,18.5
7538,18.3
7539,18.2
7540,17.9
7541,18
7542,17.9
7543,17.7
7544,17.2
7545,17.3
7546,17.2
7547,17.1
7548,16.5
7549,16.9
7550,18.5
7551,18.8
7552,18.7
7553,18.5
7554,18.5
7555,18.3
7556,18.1
7557,18.1
7558,18
7559,18
7560,17.9
7561,17.8
7562,17.7
7563,17.7
7564,17.8
7565,18
7566,18.2
7567,18.2
7568,18.1
7569,18.5
7570,18.8
7571,18.7
7572,19.2
7573,19.5
7574,18.8
7575,19
7576,18.5
7577,17.6
7578,17.3
7579,16.9
7580,16.8
7581,16.8
7582,16.8
7583,16.8
7584,16.7
7585,16.7
7586,16.5
7587,16.4
7588,16.1
7589,16.5
7590,16.4
7591,16.1
7592,17.2
7593,17.6
7594,17.6
7595,17.6
7596,17.9
7597,18.9
7598,18.7
7599,18.7
7600,18.8
7601,18.2
7602,18.1
7603,17.7
7604,17.5
7605,17.4
7606,17.3
7607,17.4
7608,17.3
7609,17.2
7610,16.8
7611,16.9
7612,16.2
7613,16.5
7614,16.5
7615,16.1
7616,16.6
7617,17
7618,17.5
7619,18
7620,18.1
7621,17.7
7622,17.8
7623,17.9
7624,17.4
7625,17
7626,16.9
7627,16.6
7628,16.3
7629,16.2
7630,16.4
7631,16.2
7632,16.2
7633,16.3
7634,15.5
7635,16
7636,16
7637,15.6
7638,15.2
7639,15.6
7640,16.1
7641,16
7642,16
7643,17.6
7644,17.9
7645,17
7646,17.8
7647,17.6
7648,17.4
7649,18.3
7650,18
7651,17.4
7652,16
7653,16
7654,15.7
7655,15.5
7656,15.5
7657,15.3
7658,15.3
7659,15.3
7660,15.5
7661,15.8
7662,16.2
7663,16.2
7664,16.4
7665,16.6
7666,16.8
7667,17.9
7668,17.7
7669,17.7
7670,17.9
7671,17.4
7672,17.3
7673,17.1
7674,17
7675,17.1
7676,16.9
7677,17
7678,17
7679,17.1
7680,17.1
7681,16.8
7682,16.9
7683,16.8
7684,16.8
7685,16.8
7686,16.5
7687,16.3
7688,16.9
7689,16.9
7690,17.7
7691,17.5
7692,18.5
7693,19.5
7694,18.2
7695,17.9
7696,18.1
7697,18.1
7698,17.6
7699,17.7
7700,18.2
7701,17.9
7702,18.2
7703,17.9
7704,17.7
7705,17.5
7706,17.3
7707,17.2
7708,17.1
7709,16.7
7710,16.8
7711,17
7712,17.3
7713,17.7
7714,18
7715,17.6
7716,17.9
7717,18.2
7718,18.1
7719,18
7720,17.8
7721,17.7
7722,17.7
7723,17.7
7724,17.8
7725,17.9
7726,17.6
7727,17.7
7728,17.9
7729,17.7
7730,17.4
7731,17.4
7732,17.2
7733,17.1
7734,16.9
7735,16
7736,16.2
7737,16.9
7738,17.4
7739,17.2
7740,17.3
7741,17.3
7742,17.2
7743,17.2
7744,17.2
7745,16.7
7746,16.8
7747,16.4
7748,16.1
7749,16.1
7750,16.1
7751,15.9
7752,15.9
7753,16
7754,16.3
7755,16.2
7756,16.1
7757,16.2
7758,16.4
7759,16.5
7760,16.5
7761,17
7762,17.5
7763,17.8
7764,18
7765,17.8
7766,17.8
7767,17.5
7768,17.2
7769,17
7770,16.7
7771,16.5
7772,16.3
7773,16.3
7774,16.7
7775,16.3
7776,16.4
7777,16.1
7778,16
7779,16.1
7780,16.1
7781,16.2
7782,16.3
7783,16.3
7784,16.5
7785,16.6
7786,16.8
7787,17.2
7788,17.3
7789,17.7
7790,17.7
7791,17.6
7792,17.4
7793,17.1
7794,16.9
7795,16.7
7796,16.3
7797,16
7798,15.8
7799,15.3
7800,15.2
7801,15.3
7802,15.1
7803,15.1
7804,15.2
7805,15.4
7806,15.6
7807,16.1
7808,17.2
7809,17.2
7810,17.3
7811,17.7
7812,17.5
7813,17.3
7814,17.2
7815,16.8
7816,16.4
7817,16.2
7818,15.9
7819,15.5
7820,15.3
7821,15.1
7822,15
7823,15
7824,15.3
7825,15.5
7826,15.7
7827,15.7
7828,15.7
7829,13.6
7830,13.9
7831,13.6
7832,16
7833,16.5
7834,16.9
7835,17
7836,17.4
7837,17.2
7838,16.8
7839,15.7
7840,15
7841,15
7842,15.1
7843,14.8
7844,14.8
7845,14.9
7846,14.5
7847,14.4
7848,14.6
7849,14.6
7850,14.8
7851,14.5
7852,14.3
7853,14.6
7854,14.6
7855,15.4
7856,16
7857,16.8
7858,17.6
7859,17.8
7860,18.1
7861,18.7
7862,19.2
7863,18.6
7864,18.2
7865,18.3
7866,17.5
7867,16.5
7868,16.5
7869,16.1
7870,15.4
7871,15.2
7872,14.7
7873,14.1
7874,14
7875,13.4
7876,13.4
7877,13.9
7878,14.4
7879,15
7880,15.4
7881,15.6
7882,16.3
7883,16.7
7884,16.9
7885,17.2
7886,17.1
7887,17
7888,16.6
7889,16.2
7890,16
7891,15.7
7892,16
7893,16.1
7894,16
7895,15.8
7896,15.7
7897,15.7
7898,15.6
7899,15.3
7900,15.2
7901,15.5
7902,15.6
7903,15.5
7904,15.7
7905,16.4
7906,16.6
7907,16.7
7908,16.4
7909,16.4
7910,16.8
7911,17.3
7912,17.1
7913,16.5
7914,16.4
7915,16.2
7916,16.8
7917,16.1
7918,16.2
7919,16.1
7920,15.7
7921,15.8
7922,15.6
7923,15.1
7924,14.9
7925,15.1
7926,15.1
7927,16.4
7928,16.4
7929,16.2
7930,17.3
7931,18.3
7932,18.7
7933,18.4
7934,18.2
7935,18.5
7936,17.9
7937,17.7
7938,17.2
7939,16.9
7940,16.8
7941,16.2
7942,15.3
7943,14.6
7944,14.4
7945,14.7
7946,15
7947,15.3
7948,15.5
7949,15.7
7950,16.7
7951,17.6
7952,17.9
7953,17.9
7954,19
7955,18.7
7956,18.3
7957,18.4
7958,18.3
7959,18.3
7960,18.1
7961,18.3
7962,18.1
7963,18
7964,18.1
7965,19
7966,19.7
7967,18.9
7968,18.3
7969,18
7970,17.6
7971,17.4
7972,17.4
7973,17.2
7974,17.3
7975,17.4
7976,17.5
7977,18.2
7978,18.2
7979,18.7
7980,19.1
7981,19.1
7982,19.3
7983,19.6
7984,19.3
7985,19
7986,18.9
7987,18.9
7988,18.9
7989,18.9
7990,18.8
7991,18.4
7992,18.4
7993,18.6
7994,18.4
7995,18
7996,17.7
7997,17.7
7998,17.9
7999,18
8000,17.9
8001,18
8002,18
8003,18.2
8004,18.6
8005,19
8006,18.6
8007,18.2
8008,17.9
8009,17.5
8010,17.2
8011,17
8012,16.8
8013,16.8
8014,16.6
8015,16.4
8016,16.2
8017,16.1
8018,16.3
8019,16.2
8020,16.1
8021,16.2
8022,16.6
8023,17.3
8024,17.5
8025,17.6
8026,18
8027,18.4
8028,18.6
8029,18.6
8030,18.6
8031,18.5
8032,18.1
8033,17.8
8034,17.5
8035,17.7
8036,17.2
8037,17
8038,17
8039,16.8
8040,16.9
8041,17
8042,17.1
8043,17.1
8044,17
8045,17.1
8046,17.2
8047,17.7
8048,17.5
8049,17.9
8050,18.7
8051,19
8052,19
8053,18.8
8054,19
8055,19
8056,18.4
8057,18.5
8058,18.9
8059,18.4
8060,18.2
8061,18.7
8062,18.9
8063,18.5
8064,18.5
8065,18.3
8066,18
8067,17.8
8068,17.7
8069,17.7
8070,17.6
8071,17.6
8072,17.7
8073,18.2
8074,19
8075,19.6
8076,19.6
8077,19.3
8078,19.3
8079,19.3
8080,18.6
8081,17.7
8082,17
8083,15.1
8084,15.4
8085,15.3
8086,15.5
8087,16
8088,16
8089,16.3
8090,16.3
8091,16.4
8092,16.5
8093,16.6
8094,16.1
8095,15.8
8096,16.3
8097,16.5
8098,16.9
8099,17.6
8100,17.5
8101,17.4
8102,17
8103,16.9
8104,16.7
8105,16.5
8106,16.2
8107,16
8108,15.8
8109,15.6
8110,15.5
8111,15.8
8112,16
8113,15.9
8114,15.9
8115,16
8116,15.9
8117,15.6
8118,15.4
8119,15.5
8120,16
8121,16.2
8122,16.9
8123,17.2
8124,17.8
8125,17.7
8126,17.5
8127,17.2
8128,16.9
8129,16.3
8130,16
8131,15.9
8132,15.7
8133,15.5
8134,15.4
8135,15.3
8136,15.2
8137,16
8138,15.7
8139,15.6
8140,15.3
8141,15.5
8142,15.4
8143,15.4
8144,15.6
8145,16
8146,16.9
8147,17.4
8148,18
8149,18.3
8150,18.7
8151,17.9
8152,16.5
8153,17.1
8154,17.6
8155,16.8
8156,16.9
8157,16.7
8158,16.4
8159,16.2
8160,16.1
8161,15.8
8162,15.8
8163,15.8
8164,15.7
8165,15.7
8166,15.5
8167,14.9
8168,14.4
8169,15.3
8170,15.4
8171,13.4
8172,15.2
8173,14.5
8174,15.3
8175,15.2
8176,14.9
8177,14.6
8178,14.4
8179,14.3
8180,14.2
8181,14
8182,14
8183,13.8
8184,13.5
8185,13.4
8186,13.6
8187,13.8
8188,14.4
8189,14.6
8190,14.7
8191,14.8
8192,15
8193,15.2
8194,15.8
8195,16.3
8196,16.6
8197,16.4
8198,14.8
8199,15.3
8200,14.7
8201,15.1
8202,15.7
8203,14.9
8204,15.2
8205,15.7
8206,15.6
8207,15.5
8208,15.6
8209,15.5
8210,15.8
8211,15.6
8212,15.7
8213,15.6
8214,15.7
8215,16
8216,16
8217,16.1
8218,16
8219,15.4
8220,15.3
8221,15.2
8222,15.4
8223,15.4
8224,15.4
8225,15.4
8226,15.5
8227,15.7
8228,16.2
8229,16.3
8230,15.8
8231,15.6
8232,15.4
8233,15.7
8234,16
8235,16.5
8236,16.5
8237,16.5
8238,16.9
8239,16.7
8240,16.7
8241,16.7
8242,16.8
8243,16.8
8244,17.5
8245,17.4
8246,17.9
8247,17.7
8248,17
8249,16.3
8250,16.2
8251,16
8252,16
8253,16.1
8254,16.1
8255,16.4
8256,16.5
8257,16.5
8258,16.2
8259,16.2
8260,16.2
8261,16
8262,16.2
8263,16.8
8264,16.7
8265,16.9
8266,17.2
8267,17.5
8268,17.2
8269,18
8270,19.3
8271,19.1
8272,19
8273,19.2
8274,19
8275,19.1
8276,19.1
8277,18.8
8278,18.3
8279,18.2
8280,18.3
8281,17.8
8282,18
8283,17.5
8284,16.8
8285,16.3
8286,16.1
8287,16.2
8288,16.4
8289,16.4
8290,15.8
8291,15.2
8292,15.3
8293,15.8
8294,15.7
8295,16.2
8296,16.7
8297,16.5
8298,16.1
8299,15.6
8300,16.6
8301,16.5
8302,16.2
8303,16.4
8304,16.2
8305,15.8
8306,15.6
8307,15.8
8308,15.5
8309,15.8
8310,15.8
8311,15.8
8312,15.9
8313,15.1
8314,15.4
8315,15.4
8316,14.2
8317,16.1
8318,16.1
8319,15.7
8320,15.6
8321,15.4
8322,15.3
8323,15.3
8324,15.4
8325,15.2
8326,15.3
8327,15.2
8328,15.1
8329,15.1
8330,15.2
8331,15.4
8332,15.2
8333,15
8334,14.8
8335,14.9
8336,15
8337,15.5
8338,12.8
8339,11.9
8340,12
8341,12.7
8342,12.8
8343,13.2
8344,13
8345,12.9
8346,12.8
8347,12.6
8348,12.2
8349,11.8
8350,11.4
8351,11.4
8352,11.6
8353,11.4
8354,11.1
8355,10.9
8356,10.7
8357,10.7
8358,10.6
8359,11
8360,11.6
8361,12.4
8362,12.9
8363,13.4
8364,12.8
8365,13.1
8366,12.9
8367,13.3
8368,13.2
8369,13
8370,12
8371,12.1
8372,11.5
8373,11.1
8374,11.2
8375,11.2
8376,11.9
8377,12.4
8378,13
8379,13.3
8380,11.4
8381,11.4
8382,11.6
8383,11.5
8384,11
8385,12.5
8386,12.7
8387,12.6
8388,12.8
8389,12.6
8390,13.3
8391,11.3
8392,12.6
8393,12.8
8394,12.6
8395,12.2
8396,12
8397,11.7
8398,10.8
8399,11
8400,10.6
8401,10.6
8402,10.5
8403,10.5
8404,10.6
8405,10.6
8406,10.5
8407,10.8
8408,11
8409,11.6
8410,11.8
8411,11.8
8412,11.5
8413,12.2
8414,12.2
8415,11.9
8416,11.5
8417,10.5
8418,10.1
8419,10.1
8420,1
8421,9.8
8422,9.6
8423,9.2
8424,8.9
8425,8.5
8426,8.1
8427,7.6
8428,7.2
8429,7.2
8430,7.1
8431,7.3
8432,7.9
8433,8.8
8434,9.8
8435,10.3
8436,10.8
8437,11
8438,10.9
8439,11.2
8440,11.3
8441,10.9
8442,10.5
8443,10.2
8444,9.8
8445,9.6
8446,9.2
8447,9
8448,8.8
8449,8.6
8450,8.4
8451,8.5
8452,8.5
8453,8.1
8454,8.3
8455,9
8456,9.4
8457,1
8458,10.8
8459,11.3
8460,11.5
8461,10.8
8462,11.2
8463,10.6
8464,10.9
8465,9.9
8466,9.6
8467,8.9
8468,8.7
8469,8.2
8470,7.5
8471,7
8472,6.8
8473,6.5
8474,6
8475,5.8
8476,5.8
8477,6.2
8478,6.5
8479,6.9
8480,7.5
8481,8
8482,9.5
8483,10.6
8484,11.2
8485,11.3
8486,10.9
8487,10.6
8488,10.3
8489,9.1
8490,9.2
8491,7.9
8492,7.5
8493,6.8
8494,6.5
8495,6.3
8496,6
8497,5.8
8498,5.6
8499,5.5
8500,5.1
8501,5.1
8502,5.1
8503,5.9
8504,6.6
8505,7.6
8506,9.1
8507,10.2
8508,10.7
8509,10.9
8510,11.3
8511,11.1
8512,10.7
8513,10.2
8514,9.6
8515,1
8516,9.1
8517,8.6
8518,8.4
8519,8.5
8520,8.5
8521,9
8522,8.8
8523,9
8524,9
8525,9.1
8526,9.4
8527,9.4
8528,9.3
8529,9.6
8530,10.2
8531,10.5
8532,10.6
8533,10.2
8534,10.1
8535,10.2
8536,9.9
8537,9.7
8538,9.5
8539,9.4
8540,8.9
8541,8.8
8542,8.8
8543,8.5
8544,8.1
8545,7.5
8546,7.1
8547,6.8
8548,6.5
8549,5.9
8550,5.9
8551,6.1
8552,6.8
8553,7.4
8554,8.3
8555,9.1
8556,9.4
8557,9.7
8558,9.8
8559,9.9
8560,9.9
8561,9.5
8562,8.9
8563,8.5
8564,8.2
8565,7.6
8566,7.1
8567,6.4
8568,5.9
8569,5.7
8570,5.4
8571,4.8
8572,4.5
8573,4.1
8574,4.6
8575,5.2
8576,6.1
8577,6.9
8578,7.9
8579,9.1
8580,9.7
8581,9.8
8582,10.3
8583,10.1
8584,9.9
8585,9.5
8586,9
8587,8.6
8588,8.2
8589,7.7
8590,7.5
8591,7.6
8592,7.4
8593,7.1
8594,6.9
8595,7
8596,6.4
8597,6
8598,6.1
8599,7
8600,7.6
8601,8.2
8602,9
8603,9
8604,9.6
8605,9.4
8606,8.6
8607,8.6
8608,8.9
8609,8.8
8610,9.6
8611,9.3
8612,9
8613,9.1
8614,9
8615,8.7
8616,8.5
8617,8.5
8618,8.9
8619,9
8620,8.6
8621,8.8
8622,9
8623,8.5
8624,8.7
8625,8.3
8626,8.2
8627,8.4
8628,8.7
8629,8.8
8630,8.7
8631,8.9
8632,8.9
8633,9.1
8634,9.3
8635,9.7
8636,9.8
8637,9.9
8638,9.5
8639,8.5
8640,8.4
8641,8.3
8642,8
8643,7.4
8644,8.8
8645,8.1
8646,8.4
8647,8.6
8648,9.1
8649,9.9
8650,10.4
8651,11.4
8652,11.6
8653,11.6
8654,12.2
8655,12
8656,11.7
8657,11.8
8658,11.3
8659,10.6
8660,10.3
8661,9.7
8662,9.6
8663,9.4
8664,9.1
8665,8.8
8666,8.1
8667,7.7
8668,7.5
8669,7.5
8670,7.5
8671,7.8
8672,8.4
8673,9.2
8674,1
8675,10.5
8676,10.6
8677,11.7
8678,11.1
8679,11.3
8680,11.4
8681,11.1
8682,11.1
8683,11
8684,11.1
8685,11.2
8686,11.1
8687,11.2
8688,11.2
8689,11.1
8690,10.7
8691,11.8
8692,11.5
8693,11.3
8694,11.5
8695,11.7
8696,11.7
8697,11.8
8698,12
8699,12.6
8700,12.4
8701,12.4
8702,12.7
8703,12.6
8704,12.6
8705,12.6
8706,12.5
8707,12.8
8708,12.9
8709,13.1
8710,13.2
8711,12.9
8712,12.7
8713,11.9
8714,11.1
8715,11.5
8716,11.9
8717,12
8718,12.1
8719,12.4
8720,12.6
8721,12.8
8722,12.9
8723,13.1
8724,12.8
8725,12.6
8726,13
8727,12.9
8728,12.7
8729,12.4
8730,12.5
8731,12.4
8732,12.2
8733,12.1
8734,12.3
8735,12.2
8736,12.3
8737,12.1
8738,12.2
8739,12.4
8740,12.2
8741,12.3
8742,12
8743,12.1
8744,12.3
8745,12.4
8746,12.5
8747,12.7
8748,12.7
8749,13.1
8750,13
8751,13
8752,12.7
8753,12.4
8754,12.5
8755,12.8
8756,12.8
8757,12.8
8758,12.6
8759,12.6
8760,12.2
8761,12.3
